Durationinseconds,school_belong,school_fit_in,school_outsider,school_comfort,school_uncertain,class_department,class_name,class_belong,class_fit_in,class_outsider,class_comfort,class_uncertain,class_know_prior,cdiscl_private,cdiscl_self_talk,class_speak_up,class_share_opinion,class_active_partic,cdiscl_prompt_prof,cdiscl_prompt_ecour,group_use,group_consistency,know_prior_group,group_speak_up,gdiscl_private,gdisl_share_opinion,gdiscl_self_talk,group_active_partic,gdiscl_prompt_prof,gdiscl_prompt_encour,demog_uni_name,demog_year_born,demog_gender_female,demog_gender_male,demog_gender_trans,demog_gender_twospirit,demog_gender_genderqueer,demog_gender_other,demog_gender_no_answer,demog_gender_other_TEXT,demog_race_41,demog_race_11,demog_race_12,demog_race_13,demog_race_19,demog_race_31,demog_race_32,demog_race_33,demog_race_39,demog_race_21,demog_race_22,demog_race_23,demog_race_29,demog_race_51,demog_race_52,demog_race_59,demog_race_42,demog_race_89,demog_race_99,demog_race_89_TEXT,demog_aca_stand,demog_aca_stand_6_TEXT,demog_international,demog_parent,technical_issues
245,4,4,5,4,4,Computer Applications,Spreadsheets,2,3,5,2,5,0,1,1,1,2,1,4,3,0, , , , , , , , , ,Houston Community College,1996,1, , , , , , , , , , , , , , , , ,1, , , , , , , , , , ,2, ,0,34, 
249,6,6,2,6,1,CSIT 166,Mobile app development,5,5,2,5,2,0,2,2,3,2,3,2,4,0, , , , , , , , , ,Community College of Baltimore County,1993, ,1, , , , , , , , , , , , , , , ,1, , , , , , , , , , ,2, ,0,34, 
170,6,6,2,6,1,Psychology,Intro to Psychology,6,6,2,6,1,0,1,5,3,3,4,1,1,0, , , , , , , , , ,Southern Crescent Technical College,2002,1, , , , , , , , , , , , , , , , ,1, , , , , , , , , , ,1, ,0,35, 
281,5,4,2,4,1,Political Science,Introduction To The American Political System,2,4,2,5,1,0,1,1,2,3,2,1,1,0, , , , , , , , , ,Adelphi University,2000,1, , , , , , , , , , , , , , , , ,1, , , , , , , , , , ,3, ,0,37, 
108,4,6,2,5,2,English,eng220,6,6,1,7,1,2,1,1,3,3,4,1,2,0, , , , , , , , , ,Hunter college,2002, ,1, , , , , , , , , ,1, , , , , , , , , , , , , , , , ,1, ,0,23, 
458,5,5,3,6,2,Accounting,Individual Income Tax,4,5,3,4,3,0,2,1,3,4,3,1,1,0, , , , , , , , , ,University of Alaska Anchorage,1999, ,1, , , , , , , , , , , , , , , , , , , ,1, , , , , , ,3, ,0,23, 
128,5,5,4,6,3,Archeology,Pseudoscience in Archeology,5,4,4,5,4,0,1,1,2,2,1,1,1,0, , , , , , , , , ,San Diego State University,2002,1, , , , , , , , , , , , , , , , , , , , ,1, , , , , , ,2, ,0,37, 
291,6,6,2,6,2,Criminal justice,Intro to Criminal Justice,6,6,2,6,1,0,3,3,5,5,5,5,5,0, , , , , , , , , ,Colorado Technical University,1975, ,1, , , , , , , , , , , , , , , , , , , , , ,1, , , , ,1, ,0,23,N/A
123,5,5,5,6,2,English,British Lit,4,6,4,6,2,0,2,1,2,3,3,1,2,0, , , , , , , , , ,Texas State University,2001,1, , , , , , , , , , , , , , , , , , , , ,1, , , , , , ,3, ,0,23, 
414,2,1,6,5,3,Data Science,Intro to Data Science,1,1,6,2,4,0,1,1,1,1,1,2,3,0, , , , , , , , , ,NYU,2001,1, , , , , , , , ,1, , , , , , , , , , , , , , , , , , ,3, ,0,37, 
125,2,1,6,6,3,Philosophy,Philosophy of Ethics,5,5,3,6,1,0,1,1,1,3,2,2,1,0, , , , , , , , , ,CUNY Queens College,2000, ,1, , , , , , , , , , , , , , , , , , , ,1, , , , , , ,4, ,0,36, 
159,5,5,5,6,2,philosophy,health ethics,6,4,4,4,1,1,1,1,2,2,3,1,2,0, , , , , , , , , ,unc charlotte,2002,1, , , , , , , , , , , , , , , , , , , , ,1, , , , , , ,2, ,0,34, 
801,6,4,7,2,5,Fire Science,FIS 330,4,2,2,1,5,0,1,1,1,3,2,2,1,0, , , , , , , , , ,John Jay College of Criminal Justice,1998, ,1, , , , , , , , , ,1, , , , , , , , , , , , , , , , ,4, ,0,22, 
179,5,5,3,5,3,Biology,Plant Biology 114,6,6,2,6,2,1,1,1,3,3,2,1,2,0, , , , , , , , , ,University of Tennessee,2003,1, , , , , , , , , , , , , , , , , , , , ,1, , , , , , ,1, ,0,37, 
204,7,6,1,6,2,Economics,ECN211,7,7,2,7,1,0,3,3,3,4,3,2,3,0, , , , , , , , , ,Arizona State University,2001, ,1, , , , , , , , , , , , , , , , , , , ,1, , , , , , ,2, ,0,37, 
189,6,6,2,6,1,Mathmatics,Accelerated Math,6,6,1,5,1,0,2,2,5,4,5,2,2,0, , , , , , , , , ,Pasco-Hernando State College,1993, ,1, , , , , , , , , , , , , , , , , , , ,1, , , , , , ,2, ,0,36,None!
159,7,4,4,4,1,IT,SOFTWARE ENGINEERING,1,4,4,4,3,0,2,2,3,1,5,1,1,0, , , , , , , , , ,western governor's university,1986, ,1, , , , , , , , , , , , , , , , , , , ,1, , , , , , ,2, ,0,37, 
164,5,3,6,3,3,Math,Intermediate Algebra,3,3,6,2,3,0,2,1,1,2,2,1,1,0, , , , , , , , , ,Pima,2000,1, , , , , , , , , , , , , , , , , , , , ,1, , , , , , ,2, ,0,34, 
228,6,6,2,6,2,mathematics,linear algebra,5,5,3,6,2,0,1,1,3,4,2,1,3,0, , , , , , , , , ,Ohio University,1997,1, , , , , , , , , , , , , , , , , , , , ,1, , , , , , ,2, ,0,35, 
121,6,5,3,5,3,Arts and Humanities,HUM2020,1,1,6,4,5,0,1,1,1,1,1,1,1,0, , , , , , , , , ,University of Central Florida,2002, ,1, , , , , , , , ,1, , , , , , , , , , , , , , , , , ,2, ,0,37, 
236,5,5,4,5,3,Mathematics,Advanced Calculus for Applications II,2,3,4,5,3,2,1,1,2,2,2,1,1,0, , , , , , , , , ,The University of Texas at Austin,2000,1, , , , , , , , , ,1, , , , , , , , , , , , , , , , , ,4, ,0,37, 
307,6,6,2,6,3,History,Modern US History,6,6,2,2,1,2,2,2,3,2,3,2,2,0, , , , , , , , , ,Tennessee Tech University,2002,1, , , , , , , , , , , , , , , , , , , , , , ,1, , , , ,3, ,0,34, 
127,2,2,6,2,3,Biology,Cell Signaling and Disease,6,6,2,6,2,1,1,1,4,3,4,1,2,0, , , , , , , , , ,Duke University,2001,1, , , , , , , , , , , , , , , , , , , , ,1, , , , , , ,2, ,0,37,n/a
134,6,5,5,5,3,Political science,Human trafficking,6,7,1,6,1,0,2,2,4,2,4,3,4,0, , , , , , , , , ,University of Delaware,2000,1, , , , , , , , , , , , , , , , , , , , ,1, , , , , , ,3, ,0,36, 
243,6,6,2,6,2,History,The US Since 1877,4,6,2,7,1,0,1,1,3,4,4,2,2,0, , , , , , , , , ,University Of Houston,1999, ,1, , , , , , , , , , , , , , , , , , , ,1, , , , , , ,3, ,0,35, 
220,5,5,3,5,3,Psychology,Intro to Psychological Statistics,2,5,3,3,2,0,1,1,2,2,2,1,1,0, , , , , , , , , ,University of Houston,1999,1, , , , , , , , , , , , , , , , , , , , ,1, , , , , , ,3, ,0,37, 
148,7,7,5,6,2,Music,Music in Film,7,6,2,6,1,0,1,1,3,4,4,2,1,0, , , , , , , , , ,Rutgers University,2002, ,1, , , , , , , , ,1, , , , , , , , , , , , , , , , , ,2, ,0,36, 
219,5,2,1,2,5,Art,Painting,2,3,1,1,5,0,4,3,2,1,1,1,1,0, , , , , , , , , ,Savannah College of Art and Design,2002,1, , , , , , , , ,1, , , , , , , , , , , , , , , , , , ,1, ,0,37, 
274,4,3,5,1,4,Psychological and Brain Sciences,Forensic Psychology,5,5,2,7,1,0,2,2,5,4,5,2,2,0, , , , , , , , , ,UMass Amherst,2002,1, , , , , , , , , , , , , , , , , , , , ,1, , , , , , ,6,Sophomore by age but Junior by credit,0,37,N/A
183,7,6,2,7,2,Computer Science,Database Management,6,5,2,5,2,1,1,1,2,1,2,1,1,0, , , , , , , , , ,Marist College,2001, ,1, , , , , , , , , , , , , , , , , , , ,1, , , , , , ,2, ,0,36, 
255,4,4,5,4,3,2510,Organic Chemistry I,3,3,4,2,3,0,2,2,3,4,2,1,1,0, , , , , , , , , ,Ohio State University,2000, ,1, , , , , , , , , , , , , , , , , , , ,1, , , , , , ,3, ,0,36,Nothing further.
186,7,7,1,7,1,Psychology,Theories of Social Psychology,7,7,1,7,1,0,3,4,5,5,5,4,4,0, , , , , , , , , ,Southern New Hampshire University,1986, ,1, , , , , , , , , , , , , , , , , , , ,1, , , , , , ,4, ,0,34, 
162,6,5,2,5,4,Humanities,Transborder Society and Culture,3,3,5,5,4,0,2,2,2,3,2,2,2,0, , , , , , , , , ,Arizona State University,2001,1, , , , , , , , , , , , , , , , , , , , ,1, , , , , , ,2, ,0,34, 
188,7,7,1,6,1,Computer,CGS1011,7,7,1,6,1,0,1,1,1,1,1,1,1,0, , , , , , , , , ,Miami dade college,2002, ,1, , , , , , , , , , , , , , , , , , , ,1, , , , , , ,2, ,0,34, 
194,6,6,3,6,1,Computer Science,Introduction to MATLAB Programming,6,6,1,5,1,2,1,1,2,1,1,1,1,0, , , , , , , , , ,Vanderbilt University,2002,1, , , , , , , , , , , , , , , , , , , , ,1, , , , , , ,2, ,0,37, 
163,5,5,3,5,3,Art History,Late 19th Century European Art,6,6,2,6,2,0,1,1,3,5,4,2,2,0, , , , , , , , , ,George Washington University,2001,1, , , , , , , , , , , , , , , , , , , , ,1, , , , , , ,3, ,0,35,"No technical problems, thanks and good luck with your research!"
152,7,7,1,7,1, ,U.S. History,7,7,1,7,1,0,1,1,1,3,1,2,1,0, , , , , , , , , ,Western Governors University,1995,1, , , , , , , , , , , , , , , , , , , , ,1, , , , , , ,4, ,0,35, 
105,6,6,2,6,1,Computer Information Technology,Principles of Cybersecurity,6,6,2,6,2,0,1,1,4,3,4,1,1,0, , , , , , , , , ,Community College of Allegheny County,2000, ,1, , , , , , , , , , , , , , , , , , , ,1, , , , , , ,3, ,0,36, 
309,5,5,2,6,2,Biology,Basic Biology,5,5,2,6,2,0,1,1,3,4,4,1,1,0, , , , , , , , , ,University of Colorado Denver,1999,1, , , , , , , , , , , , , , , , , , , , ,1, , , , , , ,4, ,0,37, 
346,5,5,4,5,3,Digital Media,Introduction to Illustrator,6,6,3,6,3,0,2,1,3,2,4,2,2,0, , , , , , , , , ,Dona Ana Community College,1991,1, , , , , , , , , , , , , , , , , , , , ,1, , , , , , ,6,"I already received a bachelor's degree, and I'm in my first year of taking classes for a web design certificate.",0,37,"For the questions about class participation, the online class doesn't have any Zoom meetings - it's all hosted on Canvas. Aside from an introductory post in a message board and one assignment where we shared sketches (also as posts in a message board), there has been no opportunity to interact with other students."
540,5,4,6,3,1,Accounting,Managerial Accounting,3,2,4,5,3,0,1,1,1,2,2,2,1,0, , , , , , , , , ,austin community college,2000,1, , , , , , , , , , , , , , , , , , , , ,1, , , , , , ,4, ,0,34, 
131,6,5,5,6,2,Public Health,Health Policy and Management,6,6,3,6,2,3,2,2,3,3,4,3,2,0, , , , , , , , , ,Johns Hopkins,2002,1, , , , , , , , ,1, , , , , , , , , , , , , , , , , , ,2, ,0,34, 
227,6,6,2,6,3,Geography,Statistics for Geospatial Analysis,6,6,2,6,2,0,2,2,4,4,4,2,2,0, , , , , , , , , ,Arizona State University,1995, ,1, , , , , , , , , , , , , , , , , , , ,1, , , , , , ,4, ,0,36, 
120,6,5,4,6,3,Computer Science,Operating Systems,6,6,2,5,1,3,2,3,2,2,2,2,1,0, , , , , , , , , ,Texas A&M University,2001, ,1, , , , , , , , , , , ,1, , , , , , , , , , , , , , ,3, ,0,37, 
168,6,5,3,5,4,Mathematics,Linear Algebra,6,6,2,6,3,0,1,1,2,3,3,2,2,0, , , , , , , , , ,Cal State San Bernandino,1998, ,1, , , , , , , , , , , ,1, , , , , , , , , , , , , , ,3, ,0,23, 
455,6,6,5,5,2,Interior Architecture & Design,Senior Comprehensive Design Studio,7,7,2,6,1,5,2,2,4,4,5,1,1,0, , , , , , , , , ,Academy of Art University,1992,1, , , , , , , , , , , , , , , , , , , , ,1, , , , , , ,4, ,0,37, 
141,5,5,4,6,2,Public Health,Biostatistics,4,4,2,5,3,1,1,1,2,1,2,1,1,0, , , , , , , , , ,University of Arizona,2002,1, , , , , , , , , , , , , , , , , , , , ,1, , , , , , ,2, ,0,37, 
176,5,4,5,4,3,Computer Information Science,Assembly Language Programming,4,3,6,2,4,0,1,1,1,1,2,5,1,0, , , , , , , , , ,American River College,2000, ,1, , , , , , , ,1, , , , , , , , , , , , , , , , , , ,4, ,0,23, 
195,5,5,4,5,3,1302,History,7,7,1,7,1,2,4,4,4,5,4,4,5,0, , , , , , , , , ,Lone Star College,2000,1, , , , , , , , , , , , ,1, , , , , , , , , , , , , , ,2, ,0,36, 
274,3,3,5,5,3,Criminal Justice,Intro to Corrections,4,4,4,4,1,0,2,2,2,3,3,2,1,0, , , , , , , , , ,Georgia Southern,2002,1, , , , , , , , , , , , , , , , , , , , , , ,1, , , , ,2, ,0,36, 
212,6,5,2,6,2,Political Science,State and Local Government,5,6,4,5,1,0,1,1,2,2,3,2,1,0, , , , , , , , , ,Texas A&M University,2000, ,1, , , , , , , , , , , , , , , , , , , ,1, , , , , , ,3, ,0,34,Everything went smoothly!
155,5,6,3,5,2,Biology,Anatomy and Physiology II,5,5,3,6,1,0,2,2,3,2,3,2,2,0, , , , , , , , , ,University of Houston,1997,1, , , , , , , , , ,1, , , , , , , , , , , , , , , , , ,3, ,0,36, 
150,6,6,2,4,2,CyberSecurity,Intro to Cyber Security,6,7,2,6,1,0,2,1,4,5,3,2,2,0, , , , , , , , , ,Mt. Good Community College,1997, ,1, , , , , , , , , , , ,1, , , , , , , , , , , , , , ,1, ,0,23, 
131,6,6,2,6,2,Public Health,Statistics in Public Health,5,5,4,5,2,2,1,1,2,2,2,2,1,0, , , , , , , , , ,UC Berkeley,2000,1, , , , , , , , ,1, , , , , , , , , , , , , , , , , , ,4, ,0,36, 
164,4,3,6,5,4,Software Engineering,Software Safety,3,2,4,4,3,0,1,1,2,1,1,1,1,0, , , , , , , , , ,Iowa State University,2000,1, , , , , , , , , , , , , , , , , , , , ,1, , , , , , ,3, ,0,37, 
153,6,6,2,6,2,Biology,Cell and Molecular Biology,6,6,2,6,1,0,1,1,4,4,5,2,1,0, , , , , , , , , ,Northeastern University,1999,1, , , , , , , , ,1, , , , , , , , , , , , , , , , , , ,4, ,0,37, 
227,3,2,5,3,4,Statistics,STAT 200,7,7,1,7,1,0,1,1,1,1,5,3,2,0, , , , , , , , , ,The Pennsylvania State University,2002, ,1, , , , , , , , , , , , , , , , , , , ,1, , , , , , ,1, ,0,37, 
138,5,5,3,6,3,Biology,Botany,6,6,2,7,2,2,1,2,4,3,2,4,3,0, , , , , , , , , ,Michigan Technological University,2001, ,1,1, , , , , , , , , , , , , , , , , , ,1, , , , , , ,2, ,0,37, 
183,5,5,3,5,2,Art History,20th Century Art 1950-Until Present,6,6,2,7,1,0,1,1,3,3,3,2,1,0, , , , , , , , , ,Indiana University Purdue University of Indianapolis,2002,1, , , , , , , , , , , , , , , , , , , , ,1, , , , , , ,2, ,0,37, 
366,6,4,3,6,2,English,English 1101,6,5,3,5,2,0,1,3,3,3,4,2,3,0, , , , , , , , , ,GNTC,1990,1, , , , , , , , , , , , , , , , , , , , ,1, , , , , , ,1, ,0,36, 
160,6,6,2,7,2,English,Composition II,6,6,2,5,2,0,2,1,3,3,4,3,3,0, , , , , , , , , ,University of Buffalo,2001,1, , , , , , , , ,1, , , , , , , , , , , , , , , , , , ,3, ,0,36, 
264,6,6,2,6,1,Psychology,Personality theory,6,6,2,6,1,0,2,1,2,4,2,2,4,0, , , , , , , , , ,Saint Josephâ€™s College of Maine,2003,1, , , , , , , , , , , , , , , , , , , , ,1, , , , , , ,1, ,0,37, 
137,6,6,3,5,3,Spanish,Spanish II,6,5,5,3,4,0,1,1,2,2,2,1,2,0, , , , , , , , , ,The University of Texas at Austin,1996,1, , , , , , , , , , , , , , , , , , , , ,1, , , , , , ,4, ,0,37,n/a
187,5,5,4,5,3,Math,Statistics,5,5,3,5,1,0,1,1,2,2,2,1,1,0, , , , , , , , , ,Abilene Christian University,2001,1, , , , , , , , , , , , , , , , , , , , ,1, , , , , , ,3, ,0,37, 
219,6,6,2,6,2,NRE (Natural Resources),Climatology,4,3,4,5,3,3,2,2,4,4,4,2,2,0, , , , , , , , , ,University of Connecticut,2000, ,1, , , , , , , , , , , , , , , , , , , ,1, , , , , , ,4, ,0,37,I forget which question it was but one of them had two slightly disagree answers and no slightly agree
412,6,7,2,6,1,"Education, Counseling, and Leadership",Physical Health and Development,4,4,4,4,1,0,1,1,4,3,4,1,1,0, , , , , , , , , ,Bradley University,2002,1, , , , , , , , , , , , , , , , , , , , ,1, , , , , , ,2, ,0,37,"I was a bit conflicted, the online courses at school are very online and asynchronous. But I have had really bad online classes, but those I took at another university and transferred, so they're not at the school I go to anymore."
249,7,5,3,5,1,Information and Library Science,Databases Systems and Applications 1,6,6,3,6,1,0,1,1,1,1,1,1,1,0, , , , , , , , , ,University of North Carolina at Chapel Hill,2001, ,1, , , , , , , , , , , , , , , , , , , ,1, , , , , , ,2, ,0,34, 
141,6,5,2,7,2,Math,100,6,6,2,6,1,0,1,1,3,1,3,1,1,0, , , , , , , , , ,jeff state community college,1992, ,1, , , , , , , , , , , , , , , , , , , ,1, , , , , , ,1, ,0,23, 
347,6,5,2,6,1,Biology,Environmental Biology,7,7,1,7,1,0,4,5,5,5,4,3,4,0, , , , , , , , , ,Miami University,2000,1, , , , , , , , , , , , , , , , , , , , ,1, , , , , , ,4, ,0,34, 
219,6,6,2,6,3,Computer Engineering,Technical Documentation,7,6,2,6,2,0,2,3,4,5,4,2,2,0, , , , , , , , , ,SUNY Buffalo,1982,1, , , , , , , , , , , , , , , , , , , , ,1, , , , , , ,6,Continuing education,0,35, 
249,6,6,1,6,1,Water Resources,Water Resources Management,6,6,2,6,1,1,2,2,4,4,4,2,2,0, , , , , , , , , ,Central State University,1986,1, , , , , , , , , , , , , , , , , , , , ,1, , , , , , ,5, ,0,37, 
182,6,6,1,7,1,Biobehavioral health,research applications in biobehavioral health,6,5,2,6,1,3,1,1,4,4,3,1,2,0, , , , , , , , , ,The Pennsylvania State University,1999,1, , , , , , , , , , , , , , , , , , , , ,1, , , , , , ,4, ,0,23, 
198,2,3,5,5,3,Psychology,History and Systems in Psychology,2,3,2,6,2,0,1,1,2,3,2,1,2,0, , , , , , , , , ,West Virginia University,2001, ,1, , , , , , , , , , , , , , , , , , , ,1, , , , , , ,3, ,0,34, 
168,6,6,2,7,2,Computer Information Systems,Introduction to Computing,6,6,1,6,1,0,2,2,4,5,5,2,2,0, , , , , , , , , ,Grand Valley State University,2001,1, , , , , , , , , , , , , , , , , , , , ,1, , , , , , ,3, ,0,35, 
200,5,5,2,6,2,World Languages,Intermediate French,5,5,3,3,3,1,2,2,3,3,3,3,2,0, , , , , , , , , ,Salve Regina University,2002,1, , , , , , , , , , , , , , , , , , , , ,1, , , , , , ,2, ,0,37, 
127,2,2,7,2,5,Math,Algebra,1,1,7,1,4,0,1,1,1,1,1,1,1,0, , , , , , , , , ,Lone Star College,2002,1, , , , , , , , , , , , , , , , , , , , ,1, , , , , , ,2, ,0,36, 
240,6,6,2,6,2,Business,Introduction to Computer Technology,2,6,2,6,3,0,2,2,4,4,3,2,2,0, , , , , , , , , ,Southwestern Michigan College,2003, ,1, , , , , , , , , , , , , , , , , , , ,1, , , , , , ,1, ,0,37, 
139,3,4,4,3,3,Business,Business Forum,4,4,4,5,1,0,1,1,2,1,1,5,5,0, , , , , , , , , ,Rutgers,2001, ,1, , , , , , , , ,1, , , , , , , , , , , , , , , , , ,3, ,0,37, 
232,6,6,2,6,2,Math,Math 103,6,6,2,6,2,2,2,2,3,3,3,2,2,0, , , , , , , , , ,UW Madison,2000, ,1, , , , , , , , , , , , , , , , , , , ,1, , , , , , ,3, ,0,36, 
191,6,6,2,6,1,Philosophy,Introduction to Philosophy,5,5,3,6,2,0,2,2,4,4,4,2,2,0, , , , , , , , , ,Indian River State College,1985, ,1, , , , , , , , , , , , , , , , , , , ,1, , , , , , ,2, ,0,35, 
166,5,6,2,7,2,History,Modern Chinese History,6,5,2,6,1,1,2,2,3,3,4,2,3,0, , , , , , , , , ,University of Baltimore,1995, ,1, , , , , , , , , , , , , , , , , , , ,1, , , , , , ,3, ,0,37, 
305,5,3,5,5,3,Science,Astronomy,5,3,5,6,3,0,2,2,3,4,2,2,2,0, , , , , , , , , ,Tulsa Community College,1997,1, ,1, ,1, , , , , , , , , , , , , , , , ,1, , , , , , ,3, ,0,23,none
170,4,4,2,6,2,IT,Intro to Computer Networking,6,6,2,6,1,0,1,1,3,3,3,1,2,0, , , , , , , , , ,Jefferson community and technical college,1984, ,1, , , , , , , , , , , , , , , , , , , ,1, , , , , , ,2, ,0,34, 
202,6,6,2,6,2,Accounting,Auditing,6,6,2,6,1,0,3,2,4,4,4,4,2,0, , , , , , , , , ,CSU - Global,1996, ,1, , , ,1, , , , , , , , , , , , , , , ,1, , , , , , ,4, ,0,36, 
271,7,6,2,7,2,Music Business Performance and Technology,Sound Design,7,7,1,7,1,0,1,2,3,5,4,2,3,0, , , , , , , , , ,Austin Community College,1988, ,1, , , , , , , , , , , ,1, , , , , , , , , , , , , , ,2, ,0,37, 
172,3,3,5,3,3,Networking,Cgs 1060,5,5,3,5,3,1,2,2,2,2,3,3,2,0, , , , , , , , , ,Miami dade college,1997, , , , , , ,1, , , , , , , , , , , , , , , , , , , ,1, ,2, ,0,23, 
248,4,3,6,4,1,Computer Science,Human Computer Interaction,7,6,2,6,1,2,2,2,4,5,4,1,1,0, , , , , , , , , ,California State University Channel Islands,2000, ,1, , , , , , , , , , , , , , , , , , , ,1, , , , , , ,3, ,0,37, 
388,6,6,2,6,2,ECON,Principles of Macroeconomics,7,7,1,7,1,0,2,2,5,5,5,2,2,0, , , , , , , , , ,Pellissippi,1996, ,1, , , , , , , , , , , , , , , , , , , ,1, , , , , , ,1, ,0,36, 
159,5,4,5,5,3,Psychology,Intro to Psychology,6,5,4,5,1,1,1,1,2,2,2,1,1,0, , , , , , , , , ,University of Miami,2003, ,1, , , , , , , , , , , , , ,1, , , , , , , , , , , , ,1, ,0,22, 
145,6,6,2,6,2,Policy Studies,"Lies, Damn Lies, and Statistics",1,7,1,7,4,0,2,2,4,2,4,3,3,0, , , , , , , , , ,GSU,2000, , ,1, , ,1, ,non-binary, , , , , , , , , , , , , , , ,1, , , , ,2, ,0,37, 
176,7,7,1,7,2,Information and Operations Management.,Management Information Systems,5,5,3,5,2,0,1,1,2,1,2,2,1,0, , , , , , , , , ,San Diego State,2003, ,1, , , , , , , , , , , , , , , , , , , ,1, , , , , , ,1, ,0,36, 
200,3,2,6,7,3,Psychology,Intro to Psychology,5,5,2,6,2,1,1,2,2,3,3,3,2,0, , , , , , , , , ,Bloomsburg University of Pennsylvania,2003, ,1, , , , , , , , , , , , , , , , , , , ,1, , , , , , ,1, ,0,23, 
200,7,7,1,6,1,cis,intro to unix,7,7,1,7,2,0,1,4,1,3,2,2,1,0, , , , , , , , , ,Lake Superior College,1996, ,1, , , , , , , , , , , , , , , , , , , ,1, , , , , , ,2, ,0,34, 
150,6,6,2,6,1,Information and Technology,Math 130: Fundamentals of Reasoning,6,6,2,6,1,0,1,1,4,5,5,1,1,0, , , , , , , , , ,Virginia Western Community College,2001, ,1, , , , , , , , , , , , , , , , , , , ,1, , , , , , ,3, ,0,23, 
345,5,3,2,6,2,Aerospace Engineering,Structural Analysis of Aerospace Vehicles,6,5,3,5,3,3,3,3,2,2,3,1,1,0, , , , , , , , , ,Univeristy of Tennessee Knoxville,2000, ,1, , , , , , , , , , , , , , , , , , , ,1, , , , , , ,4, ,0,36, 
265,6,6,2,6,2,Chemistry,General Chemistry ll,5,5,3,5,3,0,1,1,2,3,2,1,1,0, , , , , , , , , ,The University of Texas at San Antonio,2001, ,1, , , , , , , , , , , ,1, , , , , , , , , , , , , , ,3, ,0,23,:P
135,5,5,3,4,3,Accounting 402,Financial Reporting II,4,4,4,4,3,1,1,1,1,1,1,1,1,0, , , , , , , , , ,"University of Nevada, Las Vegas",1996, ,1, , , , , , , , ,1, , , , , , , , , , , , , , , , , ,4, ,0,34,None
214,7,7,1,7,2,Business,BCIS1305,4,5,2,6,1,0,1,1,3,3,3,2,2,0, , , , , , , , , ,University of Houston,2001, ,1, , , , , , , , ,1, , , , , , , , , , , , , , , , , ,2, ,0,36, 
277,6,5,3,5,2,Engineering,Computer Science,6,5,2,2,3,1,1,1,3,3,3,2,3,0, , , , , , , , , ,University Of Toledo,2002, ,1, , , , , , , , , , , , , , , , , , , ,1, , , , , , ,1, ,0,36, 
143,6,6,3,6,3,Art History,Visual Art in Medieval Europe,5,5,4,5,3,1,2,3,4,3,3,2,2,0, , , , , , , , , ,Western Washington University,2003, ,1, , , , , , , , , , , , , , , , , , , ,1, , , , , , ,1, ,0,23, 
365,6,6,3,6,1,MGMT  3721,Essentials of Organizational Behavior,6,6,3,7,1,2,2,3,3,3,3,2,2,0, , , , , , , , , ,University of North Texas,1992, ,1, , , , , , , , , , , , , , , , , , , ,1, , , , , , ,4, ,0,23, 
223,5,5,5,6,3,Business,Economic concepts,4,4,4,5,1,2,2,2,3,4,4,2,2,0, , , , , , , , , ,University of Scranton,2001, ,1, , , , , , , , , , , , , , , , , , , ,1, , , , , , ,3, ,0,36, 
202,6,5,5,6,3,Science,Industrial psycology,2,3,4,5,3,0,1,1,3,2,3,1,2,0, , , , , , , , , ,East Carolina University,2000, ,1, , , , , , , , , , , , , , , , , , , ,1, , , , , , ,3, ,0,36, 
163,7,5,5,6,3,Religion,Hinduism,5,6,3,6,3,0,2,1,4,4,5,2,1,0, , , , , , , , , ,Bucknell University,2001, ,1, , , , , , , , , ,1, , , , , , , , , , , , , , , , ,1, ,0,37, 
162,7,7,1,7,1,Psychology,Intro psychology,5,6,2,6,3,0,1,1,1,1,1,1,1,0, , , , , , , , , ,university of georgia,2000, ,1, , , , , , , , , , , , , , , , , , , ,1, , , , , , ,3, ,0,36, 
253,3,2,6,2,3,physics,dynamics 402,4,2,6,2,3,1,1,1,1,1,1,1,1,0, , , , , , , , , ,Indiana University of Pennsylvania,1987, ,1, , , , , , ,1, , , , , , , , ,1, , , ,1,1, , , , , ,3, ,0,34, 
142,3,4,5,4,4,psychology,psychobiology,3,3,4,4,3,0,1,1,1,1,1,1,2,0, , , , , , , , , ,University of Cincinnati,1998,1, , , , , , , , , , , , , , , , , , , , ,1,1, , , , , ,4, ,0,37, 
158,6,6,2,7,2,Physics,PHYS122,2,2,6,2,4,1,1,1,1,1,1,1,1,0, , , , , , , , , ,University of Illinois at Urbana-Champaign,1999,1, , , , , , , , , , , , , , , , , , , , ,1,1, , , , , ,4, ,0,36, 
152,5,5,7,2,5,Psychology,Health Psychology,5,5,3,5,3,0,1,1,2,3,2,1,1,0, , , , , , , , , ,Old Dominion University,2000,1, , , , , , , , , , , , , , , , ,1, , , ,1, , , , , , ,4, ,0,36, 
248,5,5,3,6,2,Anthropology,Contemporary World Anthropology,7,7,2,6,1,0,3,2,5,4,5,3,3,0, , , , , , , , , ,Southern New Hampshire university,1985, ,1, , , , , , ,1, , , , , ,1, , ,1, , , , , , , , , , ,4, ,0,23, 
262,7,7,1,7,2,Antrhopology,Introduction to Cultural Anthropology,6,6,2,6,2,1,2,2,3,5,5,2,2,0, , , , , , , , , ,"Unniversity of Nevada, Las Vegas",2000, ,1, , , , , , , ,1, , , , , , , , , , , , ,1, , , , , ,3, ,0,36, 
221,6,7,2,6,3,Chemistry,Physical chemistry,5,6,3,6,3,2,1,1,3,3,3,2,2,0, , , , , , , , , ,University of Southern California,2000,1, , , , , , , , ,1, , , , , , , , , , , ,1, , , , , , ,4, ,0,36, 
879,4,4,4,4,2,Computer science department,CSCI 7,4,4,4,3,3,2,1,2,2,2,2,1,1,0, , , , , , , , , ,El camino college,1991, , , , ,1,1, ,They, , , , , ,1, , , , , , , ,1, , , , , , ,3, ,0,23,No problems experienced.
164,5,5,6,5,3,Plant and Microbial Biology,Microbial Genomics and Genetics,3,2,7,3,5,2,1,1,1,1,1,1,1,0, , , , , , , , , ,"University of California, Berkeley",2000,1, , , , , , , , , , , , , , , ,1, , , , ,1, , , , , , ,4, ,0,34, 
1002,6,6,3,6,2,Health education,HE102,6,6,2,6,2,0,5,4,4,4,4,5,5,0, , , , , , , , , ,Imperial valley college,1986, ,1, , , , , , , , , ,1, ,1, , , , , , , , , , , , , , ,2, ,0,36,Thanks for all you do
124,6,6,3,7,2,Health Science,Human Development,6,6,3,4,3,0,3,3,2,3,3,2,3,0, , , , , , , , , ,University of the People,1996, , , , , ,1, ,Agender, , , , , , ,1, , , , ,1, , , , , , , , ,3, ,0,23, 
431,2,2,6,2,4,psych,adult psychology,2,3,6,2,3,0,1,1,1,1,1,4,5,0, , , , , , , , , ,university of the arts,2000, , ,1, , , , , , , , , , , , , , , , , , ,1, ,1, , , , ,4, ,0,36, 
115,6,5,4,5,2,Mathematics,Calculus,5,4,4,5,2,0,1,1,2,1,2,2,3,0, , , , , , , , , ,University of Texas,2003,1, , , , , , , , , ,1, , , , , , , , , , ,1, , , , , , ,1, ,0,36, 
102,6,3,6,3,3,Economics,Public FInance,6,6,4,4,2,1,1,1,1,1,1,1,1,0, , , , , , , , , ,Boston College,2000, ,1, , , , , , , ,1, , , , , , , , , , , ,1, , , , , , ,4, ,0,37, 
271,5,5,6,3,3,Math,Calculus 1,6,6,3,5,2,0,1,1,2,2,2,1,1,0, , , , , , , , , ,Worcester Polytechnic Institute,2001, ,1, , , , , , , , , , , , , , ,1, , , , , ,1, , , , , ,2, ,0,37,"One of the questions, I think the class specific ""I feel like an outsider"" question, had ""somewhat disagree"" where ""somewhat agree"" should have gone"
259,7,5,5,6,1,Pol Sci,Pol142A,7,7,1,7,1,1,2,1,5,5,5,4,2,0, , , , , , , , , ,UCSD,1994, ,1, , , , , , , , , , , , , , , , ,1, , ,1, , , , , , ,4, ,0,34, 
145,6,6,4,6,3,Philosophy,Ethics,6,5,5,6,2,0,2,1,2,3,2,1,1,0, , , , , , , , , ,Marist College,2001, ,1, , , , , , , ,1, , , , , , , , , , , ,1, , , , , , ,3, ,0,37, 
136,6,6,3,6,3,International Studies,Selected World Problems,5,5,6,3,3,0,1,1,2,2,3,1,1,0, , , , , , , , , ,Virginia Polytechnic Institute and State University,2001, ,1, , , , , , , , , , , , , ,1, , , , , ,1, , , , , , ,2, ,0,37, 
280,6,5,3,5,2,EAS,403,5,5,3,5,2,2,2,2,3,3,3,3,3,2,1,1,3,2,3,2,3,3,3,University of Pennsylvania,1999, ,1, , , , , , , , , , , , , , , ,1, , , , , , , , , , ,4, ,0,22, 
284,6,6,2,6,3,Political science,Intro to contemporary Africa,6,6,2,6,1,2,1,1,2,5,4,2,1,2,1,1,5,1,4,1,5,5,1,Howard University,2000,1, , , , , , , , , , , , , , , , ,1, , , , , , , , , , ,4, ,0,37, 
187,6,6,2,7,2,Psych,Bio-psych,6,6,2,6,1,1,2,2,3,3,3,3,2,1,2,1,4,2,4,3,2,2,2,QCC,2002, ,1, , , , , , , , , , , , , , , ,1, , , , , , , , , , ,1, ,0,37, 
221,6,6,2,6,1,Communication sciences and disorders,Speech science,6,6,2,6,1,2,2,2,3,3,3,4,4,2,1,2,3,2,3,2,3,4,4,University of Houston,2003,1, , , , , , , , , , , , , , , , ,1, , , , , , , , , , ,1, ,0,36, 
233,6,7,2,7,1,English,Mythology and Culture,7,6,2,6,2,1,2,2,2,4,3,4,3,3,1,0,5,4,5,4,4,4,3,Eastern Illinois University,2000,1, , , , , , , , , , , , , , , , ,1, , , , , , , , , , ,4, ,0,37, 
198,6,6,2,7,1,Computer Science,CTS 216,7,6,1,7,1,0,1,1,4,4,4,2,2,1,0, ,4,1,2,1,4,1,1,Anne Arundel Community College,1999, ,1, , , , , , , , , , , , , , , ,1, , , , , , , , , , ,2, ,0,34, 
213,5,5,2,5,2,Business,Business,4,4,3,4,2,0,1,3,3,3,3,3,3,2,2,0,4,2,3,3,3,3,2,PCC,2002,1, , , , , , , , , , , , , , , , ,1, , , , , , , , , , ,2, ,0,23, 
160,6,6,2,5,2,Politics,Constitutional Law: Balancing Powers,7,6,2,5,2,3,1,1,4,3,4,2,1,1,1,5,5,2,4,2,5,1,1,Sewanee: The University of the South,2000,1, , , , , , , , , , , , , , , , ,1, , , , , , , , , , ,4, ,0,37, 
698,6,6,2,7,2,Computer Science,Data Structures,6,6,2,6,3,0,1,2,2,1,2,1,1,1,0, ,2,1,2,1,2,2,1,Western Governors University,1997, ,1, , , , , , , , , , , , , , , ,1, , , , , , , , , , ,3, ,0,37,"We usually don't have lectures or classes per say at WGU. We are given the materials and then we learn at our own pace. There are a few meetings sometimes if you want to have more of the lecture format, but I just learn the material on my own."
363,4,5,3,6,2,Physics,Physics for Engineers I,5,6,2,5,4,0,2,2,1,3,2,2,3,1,2,0,3,2,3,2,3,2,2,"Embry-Riddle Aeronautical, World Wide",1998, ,1, , , , , , , , , , , , , , , ,1, , , , , , , , , , ,2, ,0,34, 
301,4,4,3,6,2,ECON,Econometrics,3,4,4,3,3,0,1,1,2,2,2,1,1,1,1,0,3,1,3,2,3,1,1,Truman State University,1991, ,1, , , , , , , , , , , , , , , ,1, , , , , , , , , , ,3, ,0,34, 
254,5,5,3,5,2,Dance,Seminar,2,3,6,2,4,4,2,2,1,1,1,3,3,1,0, ,2,2,2,2,2,3,3,San Jose State University,2000,1, , , , , , , , , , , , , , , , , , , , ,1, , , , , , ,4, ,0,35, 
288,4,5,3,5,3,Art History,Visualizing Ancient Rome,5,5,5,3,3,2,1,1,2,2,1,2,2,1,0, ,3,1,1,1,3,1,1,Wheaton College (MA),2001,1, , , , , , , , , , , , , , , , , , , , ,1, , , , , , ,3, ,0,36, 
640,7,6,2,6,3,Physiology,Intro to Physiology,7,6,2,6,2,2,2,2,3,3,3,2,2,3,0, ,3,2,2,4,3,2,2,Northern Illinois University,2000,1, , , , , , , , , , , , , , , , , , , , ,1, , , , , , ,4, ,0,36, 
133,7,7,1,7,1,Economics,Economics 101,7,7,1,7,1,3,2,3,3,3,3,4,3,2,2,2,3,3,3,3,3,3,2,University of Tampa,1992,1, , , , , , , , , , ,1, , , , , , , , , , , , , , , , ,3, ,0,36, 
188,5,5,5,6,3,Sociology,Social forces,6,5,3,6,2,0,1,1,2,3,3,3,2,1,0, ,3,2,3,2,4,1,2,Brown,2003,1, , , , , , , , , , , , , , , , , , , , ,1, , , , , , ,1, ,1,37, 
251,6,6,2,6,2,biology,microbiology,6,6,2,6,2,1,2,3,3,4,4,4,4,1,0, ,4,2,4,2,4,3,4,pasco hernando state college,2002,1, , , , , , , , , , , , , , , , , , , , ,1, , , , , , ,2, ,0,36, 
583,6,6,3,5,2,Nursing,Nclex preparedness class,7,6,2,5,2,4,2,2,4,3,3,2,2,1,2,5,3,2,3,2,3,4,2,CSUSB,1997,1, , , , , , , , , , , , ,1, , , , , , , , , , , , , , ,4, ,0,34, 
294,5,5,4,5,3,Literature & English,Introduction to Poetry,6,6,3,6,2,0,3,3,4,4,4,3,3,1,0, ,3,3,4,3,3,3,3,Central Washington University,1990, ,1,1, ,1,1, ,Nonbinary, , , , , , , , , , , , , ,1, , , , , , ,4, ,0,34,"I think one thing to note is that I generally feel like I belong in my actual classes and major, but I don't always feel like I belong in the college as a whole (probably because there's a lot of focus on med studies and teaching studies whereas I'm in a humanities major). There's a pretty distinct divide there."
222,3,3,6,5,4,Biology,General Biology,5,5,3,5,3,1,1,1,2,2,2,2,2,1,0, ,3,2,3,2,3,2,2,Providence College,2003,1, , , , , , , , , , , , , , , , , , , , ,1, , , , , , ,1, ,0,37, 
132,3,3,5,2,4,Linguistics,Ling 1,2,2,5,2,4,0,3,3,2,2,2,2,2,1,0, ,2,3,3,3,2,2,2,UCLA,2002, ,1, , , , , , , , ,1, , , , , , , , , , , , , , , , , ,3, ,0,34, 
291,7,6,2,5,3,English,English 102,6,6,2,7,1,0,3,3,3,5,3,5,5,1,1,0,4,4,5,4,3,5,5,Naugatuck Valley Community College,1994, ,1, , , , , , , , , , , , ,1, , , , , , , , , , , , , ,2, ,0,34, 
379,4,4,4,6,1,Science department,General Chemistry,3,3,6,6,4,2,3,3,4,4,4,1,1,2,1,3,5,4,5,4,4,1,1,Merced College,2000,1, , , , , , , , , , , , ,1, , , , , , , , , , , , , , ,2, ,0, , 
258,4,5,3,6,3,Anthropology,Intro to Cultural Anthropology,6,6,2,6,2,0,2,3,3,3,4,3,4,1,1,0,4,3,4,2,4,3,2,University of Tennessee,2002, ,1, , , , , , , , , , , , , , , , , , , ,1, , , , , , ,1, ,0,34, 
171,7,7,1,7,2,communication studies,comm ethics,7,7,1,7,2,3,2,2,4,4,3,4,4,2,2,3,3,3,3,3,3,3,4,Longwood University,2001,1, , , , , , , , , , , , , , , , , , , , ,1, , , , , , ,3, ,0,34, 
139,6,6,2,5,2,Curriculum and Instruction,Video Games and Learning,6,6,1,5,1,0,2,3,3,3,3,2,2,2,2,0,3,3,3,4,3,2,2,University of Wisconsin-Madison,2001,1, , , , , , , , , , , , , , , , , , , , ,1, , , , , , ,3, ,0,36, 
240,6,6,2,6,2,Psychology,Developmental Psychology,6,6,2,6,2,2,3,4,4,5,5,3,3,1,0, ,4,2,4,2,4,2,2,Appalachian State,2002, ,1, , , , , , , , , , , , , , , , , , , ,1, , , , , , ,3, ,0,36,n/a
198,6,6,3,6,3,Biochemistry,Biochemistry I,4,5,2,6,2,2,2,2,4,4,4,2,1,1,0, ,4,2,4,2,4,2,1,Texas A&M University - College Station,2000, , , , ,1,1, ,nonbinary, , , , , , , , , , , , , ,1, , , , , , ,4, ,0,37, 
409,7,7,1,7,1,Medical,Medical assistant,7,7,1,7,1,0,1,1,1,5,5,4,2,1,2,0,5,1,5,1,1,4,2,Everest college,1988, ,1, , , , , , , , , , , ,1, , , , , , , , , , , , , , ,2, ,0,23, 
234,7,6,2,5,2,sociology,Social issues and prod,4,4,3,5,1,0,2,3,3,3,2,3,3,1,1,2,4,3,3,2,4,3,2,western carolina university,2003, , ,1, , , , , , , , , , , , , , , , , , ,1, , , , , , ,1, ,0,37, 
468,6,6,2,6,1,LANG 201,Language in a Multicultural Setting,6,6,2,6,2,0,1,2,1,3,2,2,3,2,1,0,2,1,2,2,2,2,2,CUNY School of Professional Studies,2001,1, , , , , , , , , , , , , , , , , , , , ,1, , , , , , ,3, ,0,35, 
249,6,6,2,6,2,ENGL-1302,English Composition 2,6,6,2,6,1,0,1,1,4,4,4,2,1,1,1,0,4,1,4,2,4,2,2,Temple,1985, ,1, , , , , , , , , , , , , , , , , , , ,1, , , , , , ,4, ,0,23, 
551,7,7,1,7,1,Engineering,Autodesk for Mechanical Engineering,7,7,1,7,1,0,2,2,5,5,5,2,2,1,1,0,5,2,5,2,5,2,2,University of Phoenix,1996, ,1, , , , , , , , , , , , , , , , , , , ,1, , , , , , ,3, ,0,37,Nope
276,6,6,2,6,2,College of Science,Biological Physiology,6,6,2,6,2,2,2,2,3,4,4,2,2,2,2,2,4,2,2,3,3,2,2,San Jose State University,1999, ,1, , , , , , , , ,1, , , , , , , , , , , , , , , , , ,4, ,0,36, 
336,6,6,3,6,2,writing,interdisciplinary approaches to writing,6,6,3,5,3,2,2,2,4,4,4,5,4,2,2,5,4,2,4,3,4,4,3,Purdue University,2003,1, , , , , , , , , , , , , , , , , , , , ,1, , , , , , ,1, ,0,34, 
123,5,5,5,6,3,Mathematcs,Discrete Math,6,6,2,6,2,1,2,1,4,3,4,2,2,1,0, ,3,2,3,2,3,2,1,DePaul University,2001, ,1, , , , , , , , , ,1, , , , , , , , , , , , , , , , ,3, ,0,35, 
156,6,6,2,6,3,English,Introduction to College Writing,3,2,6,2,3,1,2,2,2,2,2,2,3,1,0, ,2,2,2,2,2,3,3,johnson and wales university,2001, ,1, , , , , , , , , , , , , , , , , , , ,1, , , , , , ,1, ,0,37, 
192,7,7,1,7,1,elective,healthy lifestyles,6,6,1,6,1,2,3,3,4,4,5,2,2,3,0, ,5,1,4,1,5,2,3,mid michigan college,2002,1, , , , , , , , , , , , , , , , , , , , ,1, , , , , , ,2, ,0,36, 
227,6,4,5,6,3,Spanish,Topics in the Cultures of the Americas,6,6,2,4,2,0,2,2,2,3,2,1,2,2,0, ,2,1,3,2,2,1,1,Pennsylvania State University,2001,1, , , , , , , , , , , , , , , , , , , , ,1, , , , , , ,3, ,0,36,nice layout of gender and race question options
393,4,4,5,4,3,english,jane austen,6,6,2,6,2,0,2,2,3,4,3,3,2,1,1,0,4,3,4,3,4,2,3,thomas edison state university,1973, ,1, , , , , , , , , , , , , , , , , , , ,1, , , , , , ,4, ,0,23, 
124,4,4,5,5,3,Humanities,Literature of Self,4,5,2,5,2,0,3,3,4,4,4,2,2,1,0, ,2,2,2,1,4,1,2,SVA,1998,1, , , , , , , , , , , , , , , , , , , , ,1, , , , , , ,4, ,0,37, 
219,5,4,5,4,3,Psychology,Psych Fundamentals,3,3,5,4,3,0,1,1,2,2,2,2,2,1,1,0,2,1,1,1,1,2,2,"University of California, Irvine",1999,1, , , , , , , , , ,1, , , , , , , , , , , , , , , , , ,3, ,0, ,None
187,7,7,2,7,2,PSY 446,Health pyschology,6,6,2,6,2,2,4,4,4,4,4,4,4,1,0, ,2,3,2,3,3,3,3,university of illinois at springfield,2000,1, , , , , , , , , , , , , , , , , , , , ,1, , , , , , ,3, ,0,34, 
127,3,3,6,3,4,Biology,Physiology,5,4,3,2,3,2,2,2,2,2,1,2,2,3,0, ,3,1,2,1,2,1,1,UC Davis,2001,1, , , , , , , , , ,1, , , , , , , , , , , , , , , , , ,3, ,0,34, 
236,6,5,3,5,3,Anthropology,The anthropology of language,5,4,4,5,3,1,3,3,3,3,3,2,2,1,1,1,2,3,3,4,3,3,3,UCR,2003, ,1, , , , , , , , , , , , , ,1, , , , , , , , , , , , ,1, ,0,34, 
299,6,6,2,6,1,Federal Government,GOVT-2305,4,4,4,7,1,0,1,1,4,4,4,2,2,2,0, ,3,2,3,2,4,2,2,Lone Star College,2000, ,1, , , , , , , , , , , , , , , , , , , , , , , , ,1, ,1, ,1,37, 
379,6,6,2,6,3,psychology,child growth and development,6,6,2,6,3,1,2,2,3,4,2,3,4,1,1,0,3,2,3,2,3,2,4,college of lake county,2002,1, , , , , , , , , , , , , , , , , , , , , , ,1, , , , ,1, ,0,36, 
380,5,5,3,4,3,Psychology,Intro to Disability Studies,3,3,4,3,3,1,2,2,3,3,3,2,2,2,0, ,3,2,3,2,3,2,2,Umass Lowell,1999,1, , , , , , , , , , , , , , , , , , , , ,1, , , , , , ,4, ,0,37,One of the questions did not have a somewhat agree response and instead had two somewhat disagree responses
501,4,3,5,6,3,Early Childhood Elementary Education,Infant/Toddler Mental Health,5,5,3,3,2,1,1,1,2,2,2,5,4,1,0, ,4,2,3,2,3,1,2,Ohio University,2002,1, , , , , , , , , , , , , , , , , , , , ,1, , , , , , ,2, ,0,35, 
186,6,6,2,6,2,Accounting,Auditing,6,6,2,6,1,1,2,1,4,4,4,2,2,2,2,1,5,4,5,4,5,2,2,Millersville University,2001,1, , , , , , , , , , , , , , , , , , , , ,1, , , , , , ,2, ,0,36, 
945,5,5,4,5,3,Mathematics,College Algebra,4,4,4,3,4,0,1,1,2,2,2,1,1,2,0, ,3,1,3,2,3,1,1,Florida International University,2002, ,1, , , , , , , , , , , , , , ,1, , , , , , , , , , , ,2, ,0,34, 
297,4,4,5,5,2,Sociology,Modern Social Problems,4,4,5,5,2,1,2,2,4,4,5,2,2,2,0, ,5,2,4,2,5,2,2,Baker College,1990, , , , ,1, , , , , , , , , , , , , , , , ,1, , , , , , ,1, ,0,23, 
238,5,6,2,5,3,Psychology,Child development,5,5,3,6,2,0,1,1,2,2,2,2,1,2,0, ,4,1,4,1,4,2,1,Utah state university,2001,1, , , , , , , , , , , , , , , , , , , , ,1, , , , , , ,3, ,0,37, 
197,6,6,2,6,1,ACCT,4320,6,6,2,6,1,0,1,1,3,3,3,4,1,1,1,0,3,1,3,1,3,4,1,University of Houston - Victoria,1998,1, , , , , , , , , , , , , , , , , , , , , ,1, , , , , ,4, ,0,23, 
499,5,5,3,5,2,English,ENG 112,6,6,2,6,2,0,2,3,3,4,3,4,4,1,1,0,3,3,3,3,4,4,3,Forsyth Tech,2000,1, , , , , , , , , , , , , , , , , , , , ,1, , , , , , ,2, ,0,35, 
368,5,5,3,5,2,Romance Languages,Spanish 232,6,6,2,6,2,0,5,5,4,4,3,4,5,3,1,0,4,4,4,5,4,4,4,University of Michigan,2002,1, , , , , , , , , , , , , , , , , , , , ,1, , , , , , ,2, ,0,37, 
285,6,6,3,6,3,Chinese,Chinese 102,6,6,3,6,2,0,4,4,4,3,4,5,5,2,1,0,3,4,3,4,3,4,4,Purdue University,2002,1, , , , , , , , , , , , , , , , , , , , ,1, , , , , , ,3, ,0,37, 
279,5,6,2,6,2,Music,Intro to Music,6,6,2,7,1,0,2,2,2,2,3,3,2,1,1,0,3,1,2,1,2,3,2,Cape Fear Community College,2000,1, , , , , , , , , , , , , , , , , , , , ,1, , , , , , ,3, ,0,35, 
199,2,2,6,2,4,Chemistry,CHEM 3B,2,2,6,1,4,0,1,1,1,1,1,5,5,2,2,0,1,1,1,1,1,5,5,University of Irvine,1997, , , , ,1, , , , ,1, , , , , , , , , , , , , , , , , , ,2, ,0,23, 
232,6,6,2,5,3,business admin,accounting,6,5,2,5,3,2,2,2,3,3,3,3,3,1,0, ,4,4,4,3,3,4,3,lccc,1997, ,1, , , , , , , , , , , , , , , , , , , ,1, , , , , , ,2, ,0,36, 
788,6,6,2,6,2,Engineering,Biofluids,5,6,2,5,3,1,1,1,2,2,3,1,1,1,2,1,3,1,1,1,3,1,1,University of Florida,1999, ,1, , , , , , , , , , , , , , , , , , , ,1, , , , , , ,4, ,0,36, 
137,7,7,5,6,3,Psychology,Developmental Psychology,6,5,2,6,2,3,2,3,4,4,4,5,3,2,2,4,4,3,4,3,4,2,3,Knox,2000,1, , , , , , , , , , , , , , , , , , , , ,1, , , , , , ,4, ,0,37, 
130,1,1,7,3,5,Medicine,120,5,5,2,5,2,0,3,3,2,3,3,3,3,1,1,0,2,3,2,3,2,3,3,Stanford University,1993,1, , , , , , , , , , , , , , , , , , , , ,1, , , , , , ,4, ,0,35, 
284,5,6,2,6,3,Environmental Policy,US Environmental Law,6,6,2,6,2,3,2,2,4,3,3,2,2,1,1,5,5,3,5,3,3,2,2,University of Puget Sound,2000,1, , , , , , , , , , , , , , , , , , , , ,1, , , , , , ,4, ,0,34, 
185,6,6,4,6,2,Liberal Studies (Elementary Education),Education and Global Issues,7,7,2,6,1,5,3,3,4,4,5,4,3,1,0, ,5,3,5,5,5,3,3,Loyola Marymount University,2001,1, , , , , , , , , , , , , , , , , , , , ,1, , , , , , ,3, ,0,37, 
529,6,7,2,6,2,STEM,Software Development,7,6,1,7,1,2,4,3,3,4,5,3,4,1,1,0,5,4,4,4,4,3,4,UNCC,2000, ,1, , , , , , , , , , , , , , , , , , , ,1, , , , , , ,3, ,0,36, 
191,4,5,6,5,3,Biology,Biochemistry,3,4,6,3,4,1,1,1,4,3,3,2,2,2,1,1,4,2,3,1,4,2,2,DePaul University,2000,1, , , , , , , , , , ,1, , , , , , , , , , , , , , , , ,4, ,0,37, 
307,7,7,1,7,2,Biology,Human anatomy and physiology,7,7,1,6,2,2,1,1,2,5,3,3,1,1,0, ,3,1,3,1,3,2,1,University of North Texas,1999,1, , , , , , , , , , , , ,1, , , , , , , , , , , , , , ,4, ,0,22, 
200,5,6,4,5,4,Environmental Science,Translating Environmental Science,7,7,2,7,1,4,4,4,4,3,4,5,3,2,1,2,5,5,5,5,4,3,3,University of Arizona,2001,1, , , , , , , , , , , , , , , , , , , , ,1, , , , , , ,3, ,0,36, 
220,6,6,2,6,2,Pharmacy Technician,Pharmacy Technician,6,6,2,6,2,0,1,1,5,4,4,2,2,1,2,0,4,2,4,2,4,2,2,rxtechexam,1976, ,1, , , , , , , , , , , , , , , , , , , ,1, , , , , , ,2, ,0,34, 
120,3,4,5,2,4,Psychology,PSYCH 100,5,5,3,4,3,0,2,3,3,4,3,2,2,2,0, ,3,2,2,2,3,2,3,UCSD,2000,1, , , , , , , , , ,1, , , , , , , , , , , , , , , , , ,4, ,0,36, 
188,5,5,5,5,3,Child and Adolescent Development,Social Policy in Childhood and Adolescence,7,6,5,7,2,2,2,2,5,3,5,2,3,2,1,1,3,3,3,2,5,2,2,California State University San Marcos,2000,1, , , , , , , , , , , , , , , , , , , , ,1, , , , , , ,4, ,0,37, 
385,7,7,1,7,2,Ma management,Medical office procedures,7,7,1,7,2,0,5,5,4,5,5,4,4,1,2,0,5,5,5,5,5,5,3,The college of health care professions,2002,1, , , , , , , , , , , , ,1, , , , , , , , , , , , , , ,1, ,0,34, 
226,5,6,4,6,2,Stats,Stats 108,5,5,3,6,2,1,2,2,3,3,3,3,3,2,0, ,3,3,3,2,4,3,3,California State University Long Beach,1998,1, , , , , , , , , , , , ,1, , , , , , , , , , , , , , ,4, ,0,36, 
215,3,3,5,2,4,psychology,psy360,3,3,5,3,4,0,3,3,1,1,1,2,3,1,0, ,1,3,1,3,1,3,3,arizona state university,2002,1, , , , , , , , , , , , , , , , , , , , ,1, , , , , , ,2, ,0,36, 
206,6,6,2,6,2,Finance,Finance 303,5,6,2,5,3,0,1,1,1,1,1,2,1,1,0, ,3,1,1,2,2,2,2,California State University Northridge,2002,1, , , , , , , , , , , , , , , ,1, , , , , , , , , , , ,2, ,0,34, 
238,4,7,3,5,1,Psychology,Cultural Psych,7,7,1,7,1,1,4,4,4,4,4,2,3,2,1,1,5,4,4,5,4,3,3,University of Washington,2000,1, , , , , , , , , , , , , , , , , , , , ,1, , , , , , ,4, ,0,37,N/A
449,5,5,3,6,2,Political Science,Late Modern Political Theory,6,6,2,7,1,0,1,2,2,2,3,2,3,1,0, ,2,1,2,1,2,1,1,UCLA,2000, ,1, , , , , , , , , , , ,1, , , , , , , , , , , , , , ,4, ,0,22, 
300,6,4,5,3,3,Psychology,Developmental psychology,5,4,4,5,2,0,1,1,2,2,2,2,1,1,1,0,3,2,2,2,3,2,1,Auburn University of Montgomery,1984,1, , , , , , , , , , , , , , , , , , , , , , ,1, , , , ,3, ,0,34, 
252,4,4,3,4,2,Creative Writing,Introduction to Short Story,4,4,3,4,2,0,2,2,3,3,3,2,2,2,0, ,3,2,3,2,3,2,2,San Francisco State University,1989,1, , , , , , , , , ,1, , , , , , , , , , , , , , , , , ,5, ,0,34, 
409,6,6,2,5,3,Industrial Engineering,Introduction to Operations Research,6,6,3,6,3,3,3,3,3,3,3,2,3,1,1,2,3,3,3,4,3,2,2,Purdue University,2000, ,1, , , , , , , ,1, , , , , , , , , , , , , , , , , , ,4, ,0,37,N/A
311,3,3,5,3,3,Structural Engineering,Design of Civil Structures II,3,3,5,4,3,0,1,2,3,2,3,2,1,1,1,0,3,1,2,1,3,1,1,"University of California, San Diego",2000,1, , , , , , , , ,1, , , , , , , , , , , , , , , , , , ,4, ,0,23, 
569,7,5,3,4,3,COM SCI,32,5,5,3,4,3,2,1,1,2,2,2,1,1,2,1,2,3,2,3,3,2,2,2,UCLA,2001, ,1, , , , , , , , ,1, , , , , , , , , , , , , , , , , ,3, ,0,37, 
245,4,3,6,3,3,Nursing,Advancing pedeatric,3,3,6,4,3,1,2,2,1,2,2,1,2,1,0, ,2,2,2,2,2,1,2,"University of Maryland, Baltimore",1999, ,1, , , , , , , ,1, , , , , , , , , , , , , , , , , , ,4, ,0,34, 
683,6,5,5,3,4,Social,Social science,5,4,4,4,4,0,3,3,2,3,2,4,4,2,0, ,2,4,3,5,2,3,5,Southern New Hampshire University,1984,1, , , , , , , ,1, , , , , , , , , , , , , , , , , , , ,1, ,0,23,"I just started back to school and everything is so confusing I got confused on what the course department meant. I mean it's alot, and I'm trying my best"
258,7,7,1,7,1,UAGC,Information literacy,7,7,1,7,1,0,1,2,4,5,5,2,4,1,0, ,5,2,5,4,4,4,4,UAGC,1990, ,1, , , , , , , , , , , , , , , , , , , ,1, , , , , , ,3, ,0,36, 
230,5,5,2,5,2,Health,Precision Nutrition,6,6,1,6,2,0,1,1,2,3,3,2,2,1,1,0,2,2,3,2,3,2,2,Integrative Nutrition,1991,1, , , , , , , , , , , , , , , , , , , , , ,1, , , , , ,1, ,0,34, 
433,7,6,3,6,1,Psychology,Identity and Diversity,5,3,6,6,2,0,2,2,2,2,2,2,4,1,1,0,4,4,4,3,4,2,2,Indiana University of Pennsylvania,1986, ,1, , , , , , , , , , , , , , , , , , , ,1, , , , , , ,1, ,0,23,"To clarify, I'm a non-traditional student and also one of three males in a class that mainly consists of females. I'm afraid to share my options because I'm unsure how theyll be interpreted."
186,6,6,3,6,2,Criminal Justice,Dynamics of Human Behavior,3,3,5,3,3,2,1,2,2,2,2,2,2,1,2,1,3,3,3,3,3,2,2,Pensacola Christian College,2000,1, , , , , , , , , , , , , , , , , , , , ,1, , , , , , ,3, ,0,37, 
263,4,2,6,4,4,ENG,Intro to Physics,5,6,2,5,2,1,2,3,3,4,4,3,5,1,0, ,4,2,4,3,4,5,5,Lawrance Tech.,1994, ,1, , , , , , , , , , , , , , , , , , , ,1, , , , , , ,3, ,0,35,N.a
289,6,6,5,6,3,English,Communications,6,5,6,6,2,0,3,3,3,3,4,3,3,3,1,0,4,2,4,4,4,3,3,WKU,1999, ,1, , , , , , , , , , , , , , , , , , , , , , , , ,1, ,3, ,0,36, 
189,5,5,2,6,2,Accounting,Ethics of Accounting,6,6,2,6,1,1,2,2,3,3,3,2,2,1,1,0,4,3,3,3,4,2,2,Grand Valley State,1999, ,1, , , , , , , , , , , , , , , , , , , ,1, , , , , , ,4, ,0,36, 
187,7,7,1,7,1,Media,Business of Media,7,7,1,7,1,2,4,3,4,4,4,2,5,2,2,0,5,4,4,4,4,5,5,Ohio University,2003,1, , , , , , , , , , , , , , , , , , , , ,1, , , , , , ,1, ,0,23, 
257,6,7,2,6,2,Science Dept,Intro to Chem,6,7,2,6,2,0,2,2,3,4,4,4,3,1,1,0,4,2,3,2,4,3,3,The University of Akron,2002,1, , , , , , , , , , , , , , , , , , , , ,1, , , , , , ,1, ,0,36, 
178,6,5,5,5,3,Math,Trigonometry,2,2,6,2,5,1,2,2,2,2,3,5,5,1,0, ,3,2,3,2,2,5,2,American University,1990, ,1, , , , , , , , , , , , , , , , , , , ,1, , , , , , ,3, ,0,37, 
198,6,6,2,6,1,ASL,Linguistics of ASL,5,5,5,5,1,4,2,2,3,3,3,4,3,1,0, ,3,2,4,2,3,4,3,Purdue,2000,1, , , , , , , , , , , , , , , , , , , , ,1, , , , , , ,4, ,0,37,No
356,1,2,3,1,5,Philosophy,Topics in Philosophy (communication),5,6,3,5,3,0,2,2,3,2,4,2,1,1,0, ,3,1,3,1,4,1,2,Rochester Institute of Technology,2000, ,1, , , , , , , , , , , , , , , , , , , ,1, , , , , , ,4, ,0,36, 
231,5,4,2,6,3,Design,Publication design,4,5,6,6,3,2,2,2,4,4,4,3,3,2,1,2,4,2,4,2,3,3,3,Queens College,2000,1, , , , , , , , , , , , , , , , , , , , ,1, , , , , , ,4, ,0,23, 
243,5,5,4,5,3,Computer Science,Web development,5,4,5,3,3,0,1,2,3,2,2,1,1,1,1,0,3,2,3,2,3,1,1,NA,1997,1, , , , , , , , , , , , , , , , , , , , ,1, , , , , , ,6,Graduated college but taking a technical course,0,36,College gives me anxiety :(
151,4,4,7,5,4,Computer Science,Data Structures,1,2,7,3,5,0,2,1,4,4,4,2,2,1,0, ,4,2,4,2,4,2,2,University of Rhode Island,1993, ,1, , , , , , , , , , , , , , , , , , , ,1, , , , , , ,3, ,0,23, 
246,6,4,4,5,3,electrical and computer engineering,circuits and controls,5,6,2,5,2,0,1,1,2,3,2,2,1,1,1,0,2,1,3,1,2,2,1,Kansas State University,2001,1, , , , , , , , , , , , , , , , , , , , ,1, , , , , , ,3, ,0,37, 
293,5,5,1,5,1,Allied Health,ALH 113,6,6,1,6,1,0,2,2,3,4,4,2,2,1,0, ,5,2,3,3,3,2,2,Sinclair Community College,1988,1, , , , , , , , , , , , , , , , , , , , ,1, , , , , , ,2, ,0,23,n/a
184,3,3,5,3,5,English,Eng 101,1,1,7,1,5,0,1,1,1,1,1,1,1,1,0, ,1,1,1,1,1,1,1,Rutgers,1991, ,1, , , , , , , , , , , , , , , , , , , ,1, , , , , , ,5, ,0, , 
360,5,5,7,4,3,Business,Business MGMT,4,6,4,4,3,2,3,4,3,3,3,3,3,2,1,2,3,2,2,3,3,3,4,The Citadel,1999, ,1, , , , , , , , , , , , , , , , , , , ,1, , , , , , ,4, ,0,36, 
343,7,7,1,7,1,nursing,nursing colloquium,7,7,1,7,1,2,3,2,4,4,5,2,2,2,2,2,5,2,4,2,5,2,2,county college of morris,1988, ,1, , , , , , , , , , , , , , ,1, , , , , , , , , , , ,4, ,0,34, 
431,7,5,4,7,2,Herbal Academy,Intermediate Herbal Course,7,6,4,7,2,1,1,1,2,2,3,1,1,1,0, ,2,1,1,1,1,1,1,Herbal Academy,1994,1, , , , , , , , , , , , , , , , , , , , ,1, , , , , , ,1, ,0,23,thank you
199,6,6,2,6,2,Nursing,Dosage Calculation and Medical Terminology,7,7,1,7,1,2,1,3,2,2,3,2,2,1,1,1,2,2,2,2,3,2,2,Auburn University,2002,1, , , , , , , , , , , , , , , , , , , , ,1, , , , , , ,2, ,0,37, 
384,4,6,1,6,3,BSCLNR,Medical Terminology,7,7,1,7,1,3,1,2,3,3,4,4,3,2,2,3,4,2,3,2,4,4,2,Campbell University,2000,1, , , , , , , , , , , , , , , , , , , , ,1, , , , , , ,4, ,0,35, 
250,6,6,2,6,2,Relgion,REL202,3,3,5,3,3,0,1,1,2,3,2,2,3,1,1,0,2,1,3,3,2,2,3,Syracuse University,1999,1, , , , , , , , , , , , , , , , , , , , ,1, , , , , , ,4, ,0,37, 
199,3,3,5,5,4,Geology,Geology of the Planets,5,5,5,6,2,0,2,1,2,3,3,1,1,1,0, ,3,1,3,1,4,1,2,Brigham Young University,2001,1, , , , , , , , , , , , , , , , , , , , ,1, , , , , , ,3, ,0,36, 
252,5,6,3,6,2,College of community innovation and education,social and emotional development of young children,6,7,2,6,1,0,3,3,4,4,4,3,3,3,1,0,5,3,4,3,5,2,3,university of central florida,2001,1, , , , , , , , , , , , , , , , , , , , ,1, , , , , , ,3, ,0,36, 
292,5,4,4,6,2,Criminal Justic,Policing,5,5,3,6,2,3,4,3,2,3,3,4,3,2,1,2,4,2,4,3,3,2,3,SNHU,1990, , , , ,1, , , , , , , , , , , , , , , , ,1, , , , , , ,3, ,0,34, 
222,5,5,3,6,2,University of london,Computer Science,6,6,2,6,2,1,1,1,4,4,4,1,1,1,0, ,3,1,4,1,4,1,1,University of London,2001,1, , , , , , , , , , , , , , , , , , , , ,1, , , , , , ,2, ,0,36, 
218,6,5,2,5,2,Nursing,Transition to Nursing,7,7,1,7,1,4,2,1,3,3,3,1,2,2,1,5,4,2,3,2,3,4,2,Cypress Community College,1994,1, , , , , , , , , , , , , , , , , , , , ,1, , , , , , ,4, ,0,36, 
268,6,6,2,6,2,Psychology,PSYCH 2111,6,6,2,6,2,0,4,4,3,3,3,3,3,2,2,0,3,5,4,4,3,5,5,University of Virginia,2001,1, , , , , , , , , , , , , , , , , , , , ,1, , , , , , ,3, ,0,37, 
374,5,3,5,3,3,AHS,110,5,5,3,5,2,0,1,1,2,3,2,3,1,2,0, ,3,1,2,1,3,2,1,Grand Valley State University,2002,1, , , , , , , , , , , , , , , , , , , , ,1, , , , , , ,3, ,0,37, 
543,6,6,2,6,2,CIS,Ethical hacking,7,7,1,7,1,0,3,2,3,4,3,4,4,2,1,2,4,5,5,5,5,4,5,Montgomery county community college,1989,1, , , , , , , , , , , , , , , , , , , , ,1, , , , , , ,3, ,0,23,No
170,4,4,4,5,2,Economics,ECON200,6,6,2,6,2,0,1,1,3,3,3,1,1,1,0, ,4,1,3,1,4,1,1,University of Maryland,2003,1, , , , , , , , ,1, , , , , , , , , , , , , , , , , , ,1, ,0,37, 
165,6,5,2,5,3,Nursing,Statistics,5,5,2,5,2,3,2,2,2,3,3,2,3,2,2,2,4,2,3,3,3,2,3,Mercer University,2000,1, , , , , , , , ,1, , , , , , , , , , , , , , , , , , ,3, ,0,34, 
175,6,6,5,7,1,Marketing,Introduction to Marketing,4,2,4,5,2,0,1,1,1,1,1,1,1,1,1,0,3,1,3,1,3,1,1,University of Houston,1999, , , , ,1, , , , , ,1, , , , , , , , , , , , , , , , , ,4, ,0,23, 
206,6,6,3,7,2,Anthropology,Cultural Anthropology,7,7,6,7,3,0,4,4,5,5,5,1,1,3,2,0,5,5,5,5,5,1,1,Columbus State Commmunity College,1995, , , , ,1, , , , , , , , , , , , , , , , , , ,1, , , , ,2, ,0,37, 
198,5,5,4,4,3,English,1102,2,1,6,3,4,0,1,1,1,1,1,2,2,1,1,0,2,2,2,2,2,2,2,University of Georgia,1998, ,1, , , , , , , , , , , , , , , , , , , ,1, , , , , , ,4, ,0,34, 
285,6,6,2,6,2,Information Systems,Information Systems 4391 (Information Security),7,7,1,7,1,3,1,1,2,3,2,2,2,1,2,2,4,2,3,2,4,2,2,University of Texas Rio Grande Valley,2000, ,1, , , , , , , , , , , ,1, , , , , , , , , , , , , , ,4, ,0,36, 
263,4,4,5,6,1,Kinesiology,Structural Kinesiology,6,6,2,6,1,2,3,3,3,3,3,2,3,2,0, ,3,3,3,3,3,2,3,Augusta University,1999, ,1, , , , , , , , , , , , , , , , , , , ,1, , , , , , ,4, ,0,35, 
324,6,6,2,6,2,Computer Science,CSC 116 Intro to Java,6,6,2,6,1,2,2,2,4,4,4,3,3,2,1,2,4,2,4,2,4,3,3,NCSU,1973, ,1, , , , , , , , , , , , , , , , , , , ,1, , , , , , ,3, ,0,36,n/a
215,7,6,2,6,2,Psychology,Intro to Psychology,6,6,6,6,1,1,3,2,3,4,3,3,4,2,1,0,4,2,4,2,4,3,2,University of Dayton,2000, ,1, , , , , , , , , , , , , , , , , , , ,1, , , , , , ,4, ,0,36, 
368,7,6,1,7,1,education,Early Field Experience-Middle School,7,7,1,7,1,0,3,3,4,5,5,2,3,1,1,0,4,4,5,3,4,2,3,northwestern university,1998, ,1, , , , , , , , , , , , , , , , , , , ,1, , , , , , ,2, ,0,34, 
523,7,7,1,7,2,chemical engineering,heat and mass transfer,3,3,6,3,3,4,1,1,2,3,2,2,1,1,0, ,3,2,2,3,3,2,2,umass amherst,2000, ,1, , , , , , , , , , , , , , , , , , , ,1, , , , , , ,4, ,0,36, 
223,6,5,3,4,1,Information Technologies,Advanced Java Programming,7,7,2,7,1,0,1,1,2,3,2,1,1,1,0, ,3,1,3,1,3,1,1,Durham Technical Community College,2003, ,1, , , , , , , , , , , , , , , , , , , ,1, , , , , , ,1, ,0,36, 
148,6,6,1,6,1,Speech Language Pathology/Communicative Disorders,CD 485,7,7,1,7,1,5,2,2,5,5,5,2,2,1,0, ,5,2,5,2,5,2,2,CSU Northridge,1995, ,1, , , , , , , , ,1, , , , , , , , , , , , , , , , , ,5, ,0,37, 
147,7,7,1,7,1,economics,microeconomics,7,7,1,7,1,2,2,2,4,3,3,2,2,1,1,1,4,2,4,2,4,2,2,UNC-CH,2000, ,1, , , , , , , , , , , , , , , , , , , ,1, , , , , , ,3, ,0,36, 
131,3,4,4,6,2,French,Intermediate French 2,2,2,6,2,4,0,2,2,2,3,3,2,2,3,0, ,4,2,4,3,4,3,2,University of Houston,1993, ,1, , , , , , , , , , , , , , , , , , , ,1, , , , , , ,4, ,0,36, 
761,4,3,7,4,5,Computer Science,Intro to Computer Science,3,1,5,6,4,0,1,1,4,1,2,1,1,1,1,2,1,1,1,1,1,1,1,NJCU,1997, ,1, , , , , , , , , , , , , , , , , ,1, , , , , , , , ,4, ,0,37, 
249,5,6,2,6,2,Entomology,Entomology 101,3,4,3,5,2,0,1,1,1,2,2,2,1,1,0, ,1,1,2,1,1,3,2,Washington State University,1999, ,1, , , , , , , , , , , , , , , , , , , ,1, , , , , , ,4, ,0,36, 
136,6,6,5,4,2,CSCI,5115,6,6,2,6,1,1,2,2,2,2,2,1,1,1,2,0,4,1,2,1,4,1,1,University of Minnesota - Twin Cities,2001, ,1, , , , , , , , , , , , , , , , , , , ,1, , , , , , ,4, ,0,36, 
325,6,5,5,6,3,Mathematics,Business Calculus,4,4,5,3,4,0,1,1,2,2,2,2,1,2,1,0,3,2,3,1,2,5,1,"California State University, Northridge",2000, ,1, , , , , , , , , , , ,1, , , , , , , , , , , , , , ,3, ,0,23, 
209,6,5,2,6,3,Business,Accounting,6,6,2,6,2,3,2,2,4,3,5,1,1,1,2,1,4,3,4,3,5,1,1,Alvernia,2002, ,1, , , , , , , , , , , , , , , , , , , ,1, , , , , , ,1, ,0,37,No
189,6,6,3,6,3,management,Business,6,5,4,6,3,2,3,2,3,2,3,2,4,1,1,3,3,3,3,2,3,2,2,Alvernia university,2003, ,1, , , , , , , , , , , , , , , , , , , ,1, , , , , , ,1, ,0,23, 
191,7,7,3,6,2,Journalism,JRN 556,5,5,4,3,3,2,2,2,2,3,3,3,3,1,1,2,2,2,2,3,2,2,2,Central Michigan University,1999, ,1, , , , , , , , , , , , , , , , , , , ,1, , , , , , ,4, ,0,34, 
500,6,6,3,7,2,Marketing,Mobile Marketing,6,7,2,6,2,1,2,2,4,3,5,3,2,1,1,1,5,2,3,2,4,2,2,DePaul University,2000, ,1, , , , , , , , , , , , , , , , , , , ,1, , , , , , ,4, ,0,36,"Nothing, thank you!"
268,2,2,6,5,5,Business,Accounting 2102,5,3,5,3,4,0,1,1,2,1,2,1,2,1,1,0,4,2,1,2,1,3,3,Georgia state university,2001, ,1, , , , , , , , , , , , , , , , ,1, , , , , , , , , ,3, ,0,34,college aint for me
221,6,6,3,5,2,Political Science,International Relations,7,7,7,6,1,0,2,3,4,4,4,2,3,2,1,0,3,3,3,3,4,1,3,West Chester University,1999, ,1, , , , , , , , , , , , , , , , , , , ,1, , , , , , ,3, ,0,34, 
187,5,4,5,5,2,Psychology,Personality,5,3,5,3,3,0,1,1,1,1,1,1,1,1,0, ,1,1,2,1,2,2,2,Clemson University,2001, ,1, , , , , , , , , , , , , , , , , , , ,1, , , , , , ,4, ,0,34, 
247,5,5,5,6,3,Psychology,Introduction to psychology,6,6,4,6,2,3,1,1,3,2,4,2,3,1,0, ,4,2,1,1,2,4,3,University of Pittsburgh,2003, ,1, , , , , , , , , ,1, , , , , , , , , , , , , , , , ,1, ,0,37, 
267,7,7,1,7,2,Business,Marketing communications,7,7,1,7,1,2,2,3,4,4,5,3,3,1,2,2,5,4,4,5,5,4,4,University of south Florida,2000, ,1, , , , , , , , , , , , , , , , , , , ,1, , , , , , ,3, ,0,37, 
305,6,5,4,6,3,Computer Science,Software Engineering,6,6,3,5,3,2,3,2,3,3,3,2,2,3,0, ,4,3,4,4,3,3,3,Colgate,1999, ,1, , , , , , , , , , , , , , , , , , , ,1, , , , , , ,4, ,0,36, 
296,7,7,1,7,1,Nutrition and Dietetics,General Nutrition (NUTR 244),7,6,3,7,2,0,4,3,5,5,5,5,4,3,1,0,5,3,5,3,5,3,2,Oregon State University,1996, ,1, , , , , , , , , , , , , , , , , , , ,1, , , , , , ,4, ,0,37,I major in Physics so the only reason I'm uncomfortable in this hybrid (half online) course is that it's not near my study. Thank you!
228,6,6,2,6,2,Nursing,Microbiology,7,7,1,6,2,2,2,2,4,4,3,2,4,2,2,0,4,2,4,2,4,3,3,College of Eastern Idaho,1994, ,1, , , , , , , , , , , , , ,1, , , , , , , , , , , , ,2, ,0,23, 
159,5,5,2,6,3,Physical Therapy Assistant,Disabilities 1,6,6,2,7,2,5,3,4,3,3,2,2,2,1,2,5,4,3,4,3,4,2,2,Broward College,1998, ,1, , , , , , , , , ,1, , , , , , , , , , , , , , , , ,1, ,0,36, 
190,5,5,3,6,2,Nursing,Nur 250,6,5,3,6,2,0,1,2,4,4,5,2,2,1,2,0,4,2,4,2,4,2,2,Excelsior,1982, ,1, , , , , , , , , , , , , , , , , , , ,1, , , , , , ,4, ,0,23, 
293,6,6,2,6,3,Philosophy,Ethics in Nursing,6,6,2,6,2,5,4,4,4,4,4,3,3,2,0, ,5,4,5,5,5,4,4,Seattle Central College,2000, ,1, , , , , , , , , , , , , , , , , , , ,1, , , , , , ,3, ,0,36,Thanks for the opportunity.
170,6,5,4,5,3,Communication Studies,Theory and Pop Culture,4,3,5,4,3,2,2,2,4,3,4,3,5,1,0, ,3,4,4,3,3,5,5,Loyola Marymount University,2000, ,1, , , , , , , , , , , , , , , , , , , ,1, , , , , , ,4, ,0,37, 
214,4,4,6,6,2,Business,FN 350-QL Investments,5,5,3,6,2,0,2,1,3,3,4,2,2,1,0, ,2,2,2,2,4,2,3,University of Alabama at Birmingham,1991, ,1, , , , , , , , , , , , , , , , , , , ,1, , , , , , ,4, ,0,35, 
219,6,6,2,6,2,Criminal Justice,Data Analysis for Criminal Justice,6,5,2,5,3,2,1,1,2,3,2,2,3,3,1,2,3,3,3,3,3,2,3,Rutgers University- Newark,2001,1, , , , , , , , , , , , , , , , ,1, , , ,1, , , , , , ,3, ,0,37, 
180,6,6,2,6,3,Computer Science,Web Design 2,6,6,1,7,2,0,2,2,3,3,2,2,2,2,1,0,4,3,4,2,3,3,2,Ozark Technical Community College,1999, ,1, , , , , , , , , , , , ,1, , ,1, , , , , , , , , , ,3, ,0,34, 
296,4,6,2,6,2,BMGT,Business ethics,5,5,2,5,1,2,1,1,1,2,1,2,2,1,0, ,1,1,2,1,1,2,2,Tcc,2000,1, , , , , , , , , , , , , , , , ,1,1, , , , , , , , , ,4, ,0,36,No.
329,6,5,4,5,4,Psychology,Women's Mental Health,6,6,2,7,2,0,2,2,2,1,3,2,2,1,1,0,2,2,3,2,3,2,1,University of Central Florida,1999,1, , , , , , , , , , , , , , , , ,1, ,1, , , , , , , , ,4, ,0,23, 
183,6,5,3,6,2,HUMAN DEVELOPMENT,PSYCHOLOGOY101,6,6,1,6,1,0,2,2,2,3,3,3,4,2,1,0,3,2,3,2,1,1,2,PURDUE UNIVERSITY,1994,1, , , , , , , , , , , , , ,1, , ,1, , , , , , , , , , ,2, ,0,23, 
194,4,4,3,5,2,health,medical terminology,6,6,2,5,2,0,2,2,3,3,3,1,2,1,1,0,4,3,5,2,4,1,2,the university of texas at dallas,2001,1, , , , , , , , ,1, , , ,1, , , ,1, , , , , , , , , , ,3, ,0,37, 
301,6,6,3,5,3,college of agriculture,animal science 220,2,3,6,3,4,2,2,2,2,3,2,2,2,2,2,3,3,3,3,2,3,3,3,cal state chico,2002,1, , , , , , , , , , , , , , , , ,1, , , , , , ,1, , , ,2, ,0,23, 
753,6,7,1,7,1,Technology,IT Support,7,7,1,7,1,0,1,2,3,4,3,2,2,2,2,0,4,1,4,2,4,2,2,South university,1978,1, , , , , , , ,1, , , , , , , , ,1, , , , , , , , , , ,2, ,0,35, 
633,5,5,7,4,4,Bachelor of Interdisciplinary Studies,Programming with Java,7,6,2,6,3,0,1,2,3,2,4,2,2,1,0, ,3,2,3,2,3,2,2,University of Virginia,1996, ,1, , , , , , , , , , , , , , , ,1, ,1, ,1, , , , , , ,3, ,0,34, 
270,5,5,2,6,2,Visual Communication & Design,Advertising and Design,6,5,3,6,2,1,2,2,3,4,3,3,2,1,1,0,4,2,4,2,4,2,2,Cuyahoga Community Collage,1995, ,1, , , , , , , , , , , , , , , ,1, , , ,1, , , , , , ,1, ,0,36,N/A
345,4,4,5,5,3,Rehabilitation and Health Services,Microcounseling,5,6,2,6,2,0,5,5,3,4,4,5,5,1,0, ,3,3,4,2,4,2,2,University of North Texas,1999, ,1, , , , , , , , , , , , , , , ,1,1, , , , , , , , , ,3, ,0,23, 
282,2,5,2,6,2,Film and TV,Film Production,4,5,2,6,2,0,2,2,3,4,4,2,5,1,0, ,4,2,4,2,4,4,5,LA FILM SCHOOL,2000, ,1, , , , , , , , , , , , , , , ,1,1, , , , , , , , , ,3, ,0,36, 
164,6,6,2,6,2,Spanish,Spanish Grammar,6,7,2,6,2,2,1,2,3,3,3,3,2,2,1,2,4,2,4,2,4,3,2,Christopher Newport University,2001,1, , , , , , , , , , , , , , , ,1, , , , ,1, , , , , , ,3, ,0,36, 
180,5,5,2,5,1,Public Health,Issues in Environmental Health,5,6,2,5,1,0,2,3,3,3,3,2,1,2,1,0,4,4,4,3,5,2,1,The Ohio State University,2000,1, , , , , , , , ,1, , , , , , , , , , , ,1, , , , , , ,3, ,0,36, 
250,5,5,5,5,3,Arts,Digital art & design for animation,3,3,4,6,2,2,3,3,2,3,3,5,4,1,0, ,3,2,3,3,3,3,3,DVC,2000,1, , , ,1, , , , , , , , , , , , , , , , ,1, ,1, , , , ,6,unsure,0,36, 
172,6,6,3,4,2,Business,Business Law,5,4,5,3,3,2,1,1,2,2,1,2,2,1,0, ,2,1,2,2,2,2,2,university of tennessee,2001,1, , , , , , , , , , , , ,1, , ,1, , , , ,1, , , , , , ,3, ,0,37, 
172,6,5,3,5,2,Psychology,Organizational & Personnel Psych,2,4,4,4,5,0,2,2,1,1,1,2,2,2,2,0,4,2,5,2,3,3,2,Rutgers University New Brunswick,2002,1, , , , , , , , , , , , , , ,1,1, , ,1, ,1, , , , , , ,2, ,0,34, 
372,6,6,2,6,2,Criminal Justice,CJ&205,6,6,2,6,2,1,2,2,2,4,3,3,3,1,1,0,3,2,3,2,3,2,3,Green River College,2002,1, , , , , , , , ,1, , , , , , , , , , , ,1, , , , , , ,2, ,0,23, 
281,7,7,1,7,1,Marketing,Marketing Management,6,6,2,6,2,2,2,2,3,3,2,3,3,2,0, ,3,1,3,2,3,2,1,Temple University,2000, ,1, , , , , , , , , , , , ,1, , , , , , ,1, , , , , , ,4, ,0,36,No
156,5,6,2,5,2,Economics,Intro to Macroeconomics,6,7,2,5,1,2,2,2,3,4,4,2,1,1,0, ,4,1,2,1,5,1,1,University of the Pacific,2002, ,1, , , , , , , , , ,1, , , , , , , , , ,1, , , , , , ,1, ,0,37, 
230,5,7,3,5,2,PSYC202,Developmental Psychology,7,6,5,4,3,0,4,3,3,5,4,2,3,2,1,0,4,3,4,3,4,1,3,Frederick Community College,2001,1, , , , , , , , , , , , , ,1, , , , , , ,1, , , , , , ,2, ,0,23, 
236,6,6,5,5,4,langauge,intro to french 01,4,6,1,6,1,0,1,1,2,3,2,4,4,2,1,0,3,2,3,3,3,4,4,the new school,2003,1, , , , , , , , , , , , , , , , , ,1, , ,1, , , , , , ,1, ,0,35,no
752,6,6,2,5,3,Criminal justice,Criminal law 3304,6,6,2,6,2,2,2,3,3,4,4,3,3,1,2,2,4,3,3,3,3,4,3,University of houston downtown,1999,1, , , , , , , , , , , , ,1, , ,1, , , , , , , , , , , ,4, ,0,23, 
150,7,6,2,6,2,Computer Science,Intro to Computer Networks,6,6,2,6,3,0,1,1,3,3,3,1,1,1,0, ,3,2,4,2,4,2,2,Oregon State University,1995, ,1, , , , , , , , , , , , ,1, , , , , , ,1, , , , , , ,3, ,0,34, 
237,4,3,6,3,4,Computer Science,6.004 Computation Structures,3,3,5,3,4,0,1,1,2,2,1,2,2,1,0, ,2,1,2,1,2,2,1,Massachusetts Institute of Technology,2000, ,1, , , , , , , , , , , , , , ,1, , , , ,1, , , , , , ,3, ,0,35,N/A
