"","Durationinseconds","school_belong","school_fit_in","school_outsider","school_comfort","school_uncertain","class_department","class_name","class_belong","class_fit_in","class_outsider","class_comfort","class_uncertain","class_know_prior","cdiscl_private","cdiscl_self_talk","class_speak_up","class_share_opinion","class_active_partic","cdiscl_prompt_prof","cdiscl_prompt_ecour","group_use","group_consistency","know_prior_group","group_speak_up","gdiscl_private","gdisl_share_opinion","gdiscl_self_talk","group_active_partic","gdiscl_prompt_prof","gdiscl_prompt_encour","demog_uni_name","demog_year_born","demog_gender_female","demog_gender_male","demog_gender_trans","demog_gender_twospirit","demog_gender_genderqueer","demog_gender_other","demog_gender_no_answer","demog_gender_other_TEXT","demog_race_41","demog_race_11","demog_race_12","demog_race_13","demog_race_19","demog_race_31","demog_race_32","demog_race_33","demog_race_39","demog_race_21","demog_race_22","demog_race_23","demog_race_29","demog_race_51","demog_race_52","demog_race_59","demog_race_42","demog_race_89","demog_race_99","demog_race_89_TEXT","demog_aca_stand","demog_aca_stand_6_TEXT","demog_international","demog_parent","technical_issues","gender_nonbinary","gender_male_dummy","multiracial_sum","race_multiracial","school_outsiderR","school_belong_comp4","class_outsiderR","class_belong_comp4","class_disclose_comp2","cdiscl_prompt_comp2","group_disclose_comp2","gdiscl_prompt_comp2"
"1",245,4,4,5,4,4,"Computer Applications","Spreadsheets",2,3,5,2,5,0,1,1,1,2,1,4,3,0,NA,NA,NA,NA,NA,NA,NA,NA,NA,"Houston Community College",1996,1,NA,NA,NA,NA,NA,NA,NA,0,0,0,0,0,0,0,0,0,1,0,0,0,0,0,0,0,0,0,NA,2,NA,0,34,NA,0,0,1,0,3,3.75,3,2.5,1,3.5,NA,NA
"2",249,6,6,2,6,1,"CSIT 166","Mobile app development",5,5,2,5,2,0,2,2,3,2,3,2,4,0,NA,NA,NA,NA,NA,NA,NA,NA,NA,"Community College of Baltimore County",1993,NA,1,NA,NA,NA,NA,NA,NA,0,0,0,0,0,0,0,0,0,1,0,0,0,0,0,0,0,0,0,NA,2,NA,0,34,NA,0,1,1,0,6,6,6,5.25,2,3,NA,NA
"3",170,6,6,2,6,1,"Psychology","Intro to Psychology",6,6,2,6,1,0,1,5,3,3,4,1,1,0,NA,NA,NA,NA,NA,NA,NA,NA,NA,"Southern Crescent Technical College",2002,1,NA,NA,NA,NA,NA,NA,NA,0,0,0,0,0,0,0,0,0,1,0,0,0,0,0,0,0,0,0,NA,1,NA,0,35,NA,0,0,1,0,6,6,6,6,3,1,NA,NA
"4",281,5,4,2,4,1,"Political Science","Introduction To The American Political System",2,4,2,5,1,0,1,1,2,3,2,1,1,0,NA,NA,NA,NA,NA,NA,NA,NA,NA,"Adelphi University",2000,1,NA,NA,NA,NA,NA,NA,NA,0,0,0,0,0,0,0,0,0,1,0,0,0,0,0,0,0,0,0,NA,3,NA,0,37,NA,0,0,1,0,6,4.75,6,4.25,1,1,NA,NA
"5",108,4,6,2,5,2,"English","eng220",6,6,1,7,1,2,1,1,3,3,4,1,2,0,NA,NA,NA,NA,NA,NA,NA,NA,NA,"Hunter college",2002,NA,1,NA,NA,NA,NA,NA,NA,0,0,0,1,0,0,0,0,0,0,0,0,0,0,0,0,0,0,0,NA,1,NA,0,23,NA,0,1,1,0,6,5.25,7,6.5,1,1.5,NA,NA
"6",458,5,5,3,6,2,"Accounting","Individual Income Tax",4,5,3,4,3,0,2,1,3,4,3,1,1,0,NA,NA,NA,NA,NA,NA,NA,NA,NA,"University of Alaska Anchorage",1999,NA,1,NA,NA,NA,NA,NA,NA,0,0,0,0,0,0,0,0,0,0,0,0,0,1,0,0,0,0,0,NA,3,NA,0,23,NA,0,1,1,0,5,5.25,5,4.5,1.5,1,NA,NA
"7",128,5,5,4,6,3,"Archeology","Pseudoscience in Archeology",5,4,4,5,4,0,1,1,2,2,1,1,1,0,NA,NA,NA,NA,NA,NA,NA,NA,NA,"San Diego State University",2002,1,NA,NA,NA,NA,NA,NA,NA,0,0,0,0,0,0,0,0,0,0,0,0,0,1,0,0,0,0,0,NA,2,NA,0,37,NA,0,0,1,0,4,5,4,4.5,1,1,NA,NA
"8",291,6,6,2,6,2,"Criminal justice","Intro to Criminal Justice",6,6,2,6,1,0,3,3,5,5,5,5,5,0,NA,NA,NA,NA,NA,NA,NA,NA,NA,"Colorado Technical University",1975,NA,1,NA,NA,NA,NA,NA,NA,0,0,0,0,0,0,0,0,0,0,0,0,0,0,0,1,0,0,0,NA,1,NA,0,23,"N/A",0,1,1,0,6,6,6,6,3,5,NA,NA
"9",123,5,5,5,6,2,"English","British Lit",4,6,4,6,2,0,2,1,2,3,3,1,2,0,NA,NA,NA,NA,NA,NA,NA,NA,NA,"Texas State University",2001,1,NA,NA,NA,NA,NA,NA,NA,0,0,0,0,0,0,0,0,0,0,0,0,0,1,0,0,0,0,0,NA,3,NA,0,23,NA,0,0,1,0,3,4.75,4,5,1.5,1.5,NA,NA
"10",414,2,1,6,5,3,"Data Science","Intro to Data Science",1,1,6,2,4,0,1,1,1,1,1,2,3,0,NA,NA,NA,NA,NA,NA,NA,NA,NA,"NYU",2001,1,NA,NA,NA,NA,NA,NA,NA,0,1,0,0,0,0,0,0,0,0,0,0,0,0,0,0,0,0,0,NA,3,NA,0,37,NA,0,0,1,0,2,2.5,2,1.5,1,2.5,NA,NA
"11",125,2,1,6,6,3,"Philosophy","Philosophy of Ethics",5,5,3,6,1,0,1,1,1,3,2,2,1,0,NA,NA,NA,NA,NA,NA,NA,NA,NA,"CUNY Queens College",2000,NA,1,NA,NA,NA,NA,NA,NA,0,0,0,0,0,0,0,0,0,0,0,0,0,1,0,0,0,0,0,NA,4,NA,0,36,NA,0,1,1,0,2,2.75,5,5.25,1,1.5,NA,NA
"12",159,5,5,5,6,2,"philosophy","health ethics",6,4,4,4,1,1,1,1,2,2,3,1,2,0,NA,NA,NA,NA,NA,NA,NA,NA,NA,"unc charlotte",2002,1,NA,NA,NA,NA,NA,NA,NA,0,0,0,0,0,0,0,0,0,0,0,0,0,1,0,0,0,0,0,NA,2,NA,0,34,NA,0,0,1,0,3,4.75,4,4.5,1,1.5,NA,NA
"13",801,6,4,7,2,5,"Fire Science","FIS 330",4,2,2,1,5,0,1,1,1,3,2,2,1,0,NA,NA,NA,NA,NA,NA,NA,NA,NA,"John Jay College of Criminal Justice",1998,NA,1,NA,NA,NA,NA,NA,NA,0,0,0,1,0,0,0,0,0,0,0,0,0,0,0,0,0,0,0,NA,4,NA,0,22,NA,0,1,1,0,1,3.25,6,3.25,1,1.5,NA,NA
"14",179,5,5,3,5,3,"Biology","Plant Biology 114",6,6,2,6,2,1,1,1,3,3,2,1,2,0,NA,NA,NA,NA,NA,NA,NA,NA,NA,"University of Tennessee",2003,1,NA,NA,NA,NA,NA,NA,NA,0,0,0,0,0,0,0,0,0,0,0,0,0,1,0,0,0,0,0,NA,1,NA,0,37,NA,0,0,1,0,5,5,6,6,1,1.5,NA,NA
"15",204,7,6,1,6,2,"Economics","ECN211",7,7,2,7,1,0,3,3,3,4,3,2,3,0,NA,NA,NA,NA,NA,NA,NA,NA,NA,"Arizona State University",2001,NA,1,NA,NA,NA,NA,NA,NA,0,0,0,0,0,0,0,0,0,0,0,0,0,1,0,0,0,0,0,NA,2,NA,0,37,NA,0,1,1,0,7,6.5,6,6.75,3,2.5,NA,NA
"16",189,6,6,2,6,1,"Mathmatics","Accelerated Math",6,6,1,5,1,0,2,2,5,4,5,2,2,0,NA,NA,NA,NA,NA,NA,NA,NA,NA,"Pasco-Hernando State College",1993,NA,1,NA,NA,NA,NA,NA,NA,0,0,0,0,0,0,0,0,0,0,0,0,0,1,0,0,0,0,0,NA,2,NA,0,36,"None!",0,1,1,0,6,6,7,6,2,2,NA,NA
"17",159,7,4,4,4,1,"IT","SOFTWARE ENGINEERING",1,4,4,4,3,0,2,2,3,1,5,1,1,0,NA,NA,NA,NA,NA,NA,NA,NA,NA,"western governor's university",1986,NA,1,NA,NA,NA,NA,NA,NA,0,0,0,0,0,0,0,0,0,0,0,0,0,1,0,0,0,0,0,NA,2,NA,0,37,NA,0,1,1,0,4,4.75,4,3.25,2,1,NA,NA
"18",164,5,3,6,3,3,"Math","Intermediate Algebra",3,3,6,2,3,0,2,1,1,2,2,1,1,0,NA,NA,NA,NA,NA,NA,NA,NA,NA,"Pima",2000,1,NA,NA,NA,NA,NA,NA,NA,0,0,0,0,0,0,0,0,0,0,0,0,0,1,0,0,0,0,0,NA,2,NA,0,34,NA,0,0,1,0,2,3.25,2,2.5,1.5,1,NA,NA
"19",228,6,6,2,6,2,"mathematics","linear algebra",5,5,3,6,2,0,1,1,3,4,2,1,3,0,NA,NA,NA,NA,NA,NA,NA,NA,NA,"Ohio University",1997,1,NA,NA,NA,NA,NA,NA,NA,0,0,0,0,0,0,0,0,0,0,0,0,0,1,0,0,0,0,0,NA,2,NA,0,35,NA,0,0,1,0,6,6,5,5.25,1,2,NA,NA
"20",121,6,5,3,5,3,"Arts and Humanities","HUM2020",1,1,6,4,5,0,1,1,1,1,1,1,1,0,NA,NA,NA,NA,NA,NA,NA,NA,NA,"University of Central Florida",2002,NA,1,NA,NA,NA,NA,NA,NA,0,0,1,0,0,0,0,0,0,0,0,0,0,0,0,0,0,0,0,NA,2,NA,0,37,NA,0,1,1,0,5,5.25,2,2,1,1,NA,NA
"21",236,5,5,4,5,3,"Mathematics","Advanced Calculus for Applications II",2,3,4,5,3,2,1,1,2,2,2,1,1,0,NA,NA,NA,NA,NA,NA,NA,NA,NA,"The University of Texas at Austin",2000,1,NA,NA,NA,NA,NA,NA,NA,0,0,1,0,0,0,0,0,0,0,0,0,0,0,0,0,0,0,0,NA,4,NA,0,37,NA,0,0,1,0,4,4.75,4,3.5,1,1,NA,NA
"22",307,6,6,2,6,3,"History","Modern US History",6,6,2,2,1,2,2,2,3,2,3,2,2,0,NA,NA,NA,NA,NA,NA,NA,NA,NA,"Tennessee Tech University",2002,1,NA,NA,NA,NA,NA,NA,NA,0,0,0,0,0,0,0,0,0,0,0,0,0,0,0,1,0,0,0,NA,3,NA,0,34,NA,0,0,1,0,6,6,6,5,2,2,NA,NA
"23",127,2,2,6,2,3,"Biology","Cell Signaling and Disease",6,6,2,6,2,1,1,1,4,3,4,1,2,0,NA,NA,NA,NA,NA,NA,NA,NA,NA,"Duke University",2001,1,NA,NA,NA,NA,NA,NA,NA,0,0,0,0,0,0,0,0,0,0,0,0,0,1,0,0,0,0,0,NA,2,NA,0,37,"n/a",0,0,1,0,2,2,6,6,1,1.5,NA,NA
"24",134,6,5,5,5,3,"Political science","Human trafficking",6,7,1,6,1,0,2,2,4,2,4,3,4,0,NA,NA,NA,NA,NA,NA,NA,NA,NA,"University of Delaware",2000,1,NA,NA,NA,NA,NA,NA,NA,0,0,0,0,0,0,0,0,0,0,0,0,0,1,0,0,0,0,0,NA,3,NA,0,36,NA,0,0,1,0,3,4.75,7,6.5,2,3.5,NA,NA
"25",243,6,6,2,6,2,"History","The US Since 1877",4,6,2,7,1,0,1,1,3,4,4,2,2,0,NA,NA,NA,NA,NA,NA,NA,NA,NA,"University Of Houston",1999,NA,1,NA,NA,NA,NA,NA,NA,0,0,0,0,0,0,0,0,0,0,0,0,0,1,0,0,0,0,0,NA,3,NA,0,35,NA,0,1,1,0,6,6,6,5.75,1,2,NA,NA
"26",220,5,5,3,5,3,"Psychology","Intro to Psychological Statistics",2,5,3,3,2,0,1,1,2,2,2,1,1,0,NA,NA,NA,NA,NA,NA,NA,NA,NA,"University of Houston",1999,1,NA,NA,NA,NA,NA,NA,NA,0,0,0,0,0,0,0,0,0,0,0,0,0,1,0,0,0,0,0,NA,3,NA,0,37,NA,0,0,1,0,5,5,5,3.75,1,1,NA,NA
"27",148,7,7,5,6,2,"Music","Music in Film",7,6,2,6,1,0,1,1,3,4,4,2,1,0,NA,NA,NA,NA,NA,NA,NA,NA,NA,"Rutgers University",2002,NA,1,NA,NA,NA,NA,NA,NA,0,0,1,0,0,0,0,0,0,0,0,0,0,0,0,0,0,0,0,NA,2,NA,0,36,NA,0,1,1,0,3,5.75,6,6.25,1,1.5,NA,NA
"28",219,5,2,1,2,5,"Art","Painting",2,3,1,1,5,0,4,3,2,1,1,1,1,0,NA,NA,NA,NA,NA,NA,NA,NA,NA,"Savannah College of Art and Design",2002,1,NA,NA,NA,NA,NA,NA,NA,0,1,0,0,0,0,0,0,0,0,0,0,0,0,0,0,0,0,0,NA,1,NA,0,37,NA,0,0,1,0,7,4,7,3.25,3.5,1,NA,NA
"29",274,4,3,5,1,4,"Psychological and Brain Sciences","Forensic Psychology",5,5,2,7,1,0,2,2,5,4,5,2,2,0,NA,NA,NA,NA,NA,NA,NA,NA,NA,"UMass Amherst",2002,1,NA,NA,NA,NA,NA,NA,NA,0,0,0,0,0,0,0,0,0,0,0,0,0,1,0,0,0,0,0,NA,6,"Sophomore by age but Junior by credit",0,37,"N/A",0,0,1,0,3,2.75,6,5.75,2,2,NA,NA
"30",183,7,6,2,7,2,"Computer Science","Database Management",6,5,2,5,2,1,1,1,2,1,2,1,1,0,NA,NA,NA,NA,NA,NA,NA,NA,NA,"Marist College",2001,NA,1,NA,NA,NA,NA,NA,NA,0,0,0,0,0,0,0,0,0,0,0,0,0,1,0,0,0,0,0,NA,2,NA,0,36,NA,0,1,1,0,6,6.5,6,5.5,1,1,NA,NA
"31",255,4,4,5,4,3,"2510","Organic Chemistry I",3,3,4,2,3,0,2,2,3,4,2,1,1,0,NA,NA,NA,NA,NA,NA,NA,NA,NA,"Ohio State University",2000,NA,1,NA,NA,NA,NA,NA,NA,0,0,0,0,0,0,0,0,0,0,0,0,0,1,0,0,0,0,0,NA,3,NA,0,36,"Nothing further.",0,1,1,0,3,3.75,4,3,2,1,NA,NA
"32",186,7,7,1,7,1,"Psychology","Theories of Social Psychology",7,7,1,7,1,0,3,4,5,5,5,4,4,0,NA,NA,NA,NA,NA,NA,NA,NA,NA,"Southern New Hampshire University",1986,NA,1,NA,NA,NA,NA,NA,NA,0,0,0,0,0,0,0,0,0,0,0,0,0,1,0,0,0,0,0,NA,4,NA,0,34,NA,0,1,1,0,7,7,7,7,3.5,4,NA,NA
"33",162,6,5,2,5,4,"Humanities","Transborder Society and Culture",3,3,5,5,4,0,2,2,2,3,2,2,2,0,NA,NA,NA,NA,NA,NA,NA,NA,NA,"Arizona State University",2001,1,NA,NA,NA,NA,NA,NA,NA,0,0,0,0,0,0,0,0,0,0,0,0,0,1,0,0,0,0,0,NA,2,NA,0,34,NA,0,0,1,0,6,5.5,3,3.5,2,2,NA,NA
"34",188,7,7,1,6,1,"Computer","CGS1011",7,7,1,6,1,0,1,1,1,1,1,1,1,0,NA,NA,NA,NA,NA,NA,NA,NA,NA,"Miami dade college",2002,NA,1,NA,NA,NA,NA,NA,NA,0,0,0,0,0,0,0,0,0,0,0,0,0,1,0,0,0,0,0,NA,2,NA,0,34,NA,0,1,1,0,7,6.75,7,6.75,1,1,NA,NA
"35",194,6,6,3,6,1,"Computer Science","Introduction to MATLAB Programming",6,6,1,5,1,2,1,1,2,1,1,1,1,0,NA,NA,NA,NA,NA,NA,NA,NA,NA,"Vanderbilt University",2002,1,NA,NA,NA,NA,NA,NA,NA,0,0,0,0,0,0,0,0,0,0,0,0,0,1,0,0,0,0,0,NA,2,NA,0,37,NA,0,0,1,0,5,5.75,7,6,1,1,NA,NA
"36",163,5,5,3,5,3,"Art History","Late 19th Century European Art",6,6,2,6,2,0,1,1,3,5,4,2,2,0,NA,NA,NA,NA,NA,NA,NA,NA,NA,"George Washington University",2001,1,NA,NA,NA,NA,NA,NA,NA,0,0,0,0,0,0,0,0,0,0,0,0,0,1,0,0,0,0,0,NA,3,NA,0,35,"No technical problems, thanks and good luck with your research!",0,0,1,0,5,5,6,6,1,2,NA,NA
"37",152,7,7,1,7,1,NA,"U.S. History",7,7,1,7,1,0,1,1,1,3,1,2,1,0,NA,NA,NA,NA,NA,NA,NA,NA,NA,"Western Governors University",1995,1,NA,NA,NA,NA,NA,NA,NA,0,0,0,0,0,0,0,0,0,0,0,0,0,1,0,0,0,0,0,NA,4,NA,0,35,NA,0,0,1,0,7,7,7,7,1,1.5,NA,NA
"38",105,6,6,2,6,1,"Computer Information Technology","Principles of Cybersecurity",6,6,2,6,2,0,1,1,4,3,4,1,1,0,NA,NA,NA,NA,NA,NA,NA,NA,NA,"Community College of Allegheny County",2000,NA,1,NA,NA,NA,NA,NA,NA,0,0,0,0,0,0,0,0,0,0,0,0,0,1,0,0,0,0,0,NA,3,NA,0,36,NA,0,1,1,0,6,6,6,6,1,1,NA,NA
"39",309,5,5,2,6,2,"Biology","Basic Biology",5,5,2,6,2,0,1,1,3,4,4,1,1,0,NA,NA,NA,NA,NA,NA,NA,NA,NA,"University of Colorado Denver",1999,1,NA,NA,NA,NA,NA,NA,NA,0,0,0,0,0,0,0,0,0,0,0,0,0,1,0,0,0,0,0,NA,4,NA,0,37,NA,0,0,1,0,6,5.5,6,5.5,1,1,NA,NA
"40",346,5,5,4,5,3,"Digital Media","Introduction to Illustrator",6,6,3,6,3,0,2,1,3,2,4,2,2,0,NA,NA,NA,NA,NA,NA,NA,NA,NA,"Dona Ana Community College",1991,1,NA,NA,NA,NA,NA,NA,NA,0,0,0,0,0,0,0,0,0,0,0,0,0,1,0,0,0,0,0,NA,6,"I already received a bachelor's degree, and I'm in my first year of taking classes for a web design certificate.",0,37,"For the questions about class participation, the online class doesn't have any Zoom meetings - it's all hosted on Canvas. Aside from an introductory post in a message board and one assignment where we shared sketches (also as posts in a message board), there has been no opportunity to interact with other students.",0,0,1,0,4,4.75,5,5.75,1.5,2,NA,NA
"41",540,5,4,6,3,1,"Accounting","Managerial Accounting",3,2,4,5,3,0,1,1,1,2,2,2,1,0,NA,NA,NA,NA,NA,NA,NA,NA,NA,"austin community college",2000,1,NA,NA,NA,NA,NA,NA,NA,0,0,0,0,0,0,0,0,0,0,0,0,0,1,0,0,0,0,0,NA,4,NA,0,34,NA,0,0,1,0,2,3.5,4,3.5,1,1.5,NA,NA
"42",131,6,5,5,6,2,"Public Health","Health Policy and Management",6,6,3,6,2,3,2,2,3,3,4,3,2,0,NA,NA,NA,NA,NA,NA,NA,NA,NA,"Johns Hopkins",2002,1,NA,NA,NA,NA,NA,NA,NA,0,1,0,0,0,0,0,0,0,0,0,0,0,0,0,0,0,0,0,NA,2,NA,0,34,NA,0,0,1,0,3,5,5,5.75,2,2.5,NA,NA
"43",227,6,6,2,6,3,"Geography","Statistics for Geospatial Analysis",6,6,2,6,2,0,2,2,4,4,4,2,2,0,NA,NA,NA,NA,NA,NA,NA,NA,NA,"Arizona State University",1995,NA,1,NA,NA,NA,NA,NA,NA,0,0,0,0,0,0,0,0,0,0,0,0,0,1,0,0,0,0,0,NA,4,NA,0,36,NA,0,1,1,0,6,6,6,6,2,2,NA,NA
"44",120,6,5,4,6,3,"Computer Science","Operating Systems",6,6,2,5,1,3,2,3,2,2,2,2,1,0,NA,NA,NA,NA,NA,NA,NA,NA,NA,"Texas A&M University",2001,NA,1,NA,NA,NA,NA,NA,NA,0,0,0,0,0,1,0,0,0,0,0,0,0,0,0,0,0,0,0,NA,3,NA,0,37,NA,0,1,1,0,4,5.25,6,5.75,2.5,1.5,NA,NA
"45",168,6,5,3,5,4,"Mathematics","Linear Algebra",6,6,2,6,3,0,1,1,2,3,3,2,2,0,NA,NA,NA,NA,NA,NA,NA,NA,NA,"Cal State San Bernandino",1998,NA,1,NA,NA,NA,NA,NA,NA,0,0,0,0,0,1,0,0,0,0,0,0,0,0,0,0,0,0,0,NA,3,NA,0,23,NA,0,1,1,0,5,5.25,6,6,1,2,NA,NA
"46",455,6,6,5,5,2,"Interior Architecture & Design","Senior Comprehensive Design Studio",7,7,2,6,1,5,2,2,4,4,5,1,1,0,NA,NA,NA,NA,NA,NA,NA,NA,NA,"Academy of Art University",1992,1,NA,NA,NA,NA,NA,NA,NA,0,0,0,0,0,0,0,0,0,0,0,0,0,1,0,0,0,0,0,NA,4,NA,0,37,NA,0,0,1,0,3,5,6,6.5,2,1,NA,NA
"47",141,5,5,4,6,2,"Public Health","Biostatistics",4,4,2,5,3,1,1,1,2,1,2,1,1,0,NA,NA,NA,NA,NA,NA,NA,NA,NA,"University of Arizona",2002,1,NA,NA,NA,NA,NA,NA,NA,0,0,0,0,0,0,0,0,0,0,0,0,0,1,0,0,0,0,0,NA,2,NA,0,37,NA,0,0,1,0,4,5,6,4.75,1,1,NA,NA
"48",176,5,4,5,4,3,"Computer Information Science","Assembly Language Programming",4,3,6,2,4,0,1,1,1,1,2,5,1,0,NA,NA,NA,NA,NA,NA,NA,NA,NA,"American River College",2000,NA,1,NA,NA,NA,NA,NA,NA,0,1,0,0,0,0,0,0,0,0,0,0,0,0,0,0,0,0,0,NA,4,NA,0,23,NA,0,1,1,0,3,4,2,2.75,1,3,NA,NA
"49",195,5,5,4,5,3,"1302","History",7,7,1,7,1,2,4,4,4,5,4,4,5,0,NA,NA,NA,NA,NA,NA,NA,NA,NA,"Lone Star College",2000,1,NA,NA,NA,NA,NA,NA,NA,0,0,0,0,0,1,0,0,0,0,0,0,0,0,0,0,0,0,0,NA,2,NA,0,36,NA,0,0,1,0,4,4.75,7,7,4,4.5,NA,NA
"50",274,3,3,5,5,3,"Criminal Justice","Intro to Corrections",4,4,4,4,1,0,2,2,2,3,3,2,1,0,NA,NA,NA,NA,NA,NA,NA,NA,NA,"Georgia Southern",2002,1,NA,NA,NA,NA,NA,NA,NA,0,0,0,0,0,0,0,0,0,0,0,0,0,0,0,1,0,0,0,NA,2,NA,0,36,NA,0,0,1,0,3,3.5,4,4,2,1.5,NA,NA
"51",212,6,5,2,6,2,"Political Science","State and Local Government",5,6,4,5,1,0,1,1,2,2,3,2,1,0,NA,NA,NA,NA,NA,NA,NA,NA,NA,"Texas A&M University",2000,NA,1,NA,NA,NA,NA,NA,NA,0,0,0,0,0,0,0,0,0,0,0,0,0,1,0,0,0,0,0,NA,3,NA,0,34,"Everything went smoothly!",0,1,1,0,6,5.75,4,5,1,1.5,NA,NA
"52",155,5,6,3,5,2,"Biology","Anatomy and Physiology II",5,5,3,6,1,0,2,2,3,2,3,2,2,0,NA,NA,NA,NA,NA,NA,NA,NA,NA,"University of Houston",1997,1,NA,NA,NA,NA,NA,NA,NA,0,0,1,0,0,0,0,0,0,0,0,0,0,0,0,0,0,0,0,NA,3,NA,0,36,NA,0,0,1,0,5,5.25,5,5.25,2,2,NA,NA
"53",150,6,6,2,4,2,"CyberSecurity","Intro to Cyber Security",6,7,2,6,1,0,2,1,4,5,3,2,2,0,NA,NA,NA,NA,NA,NA,NA,NA,NA,"Mt. Good Community College",1997,NA,1,NA,NA,NA,NA,NA,NA,0,0,0,0,0,1,0,0,0,0,0,0,0,0,0,0,0,0,0,NA,1,NA,0,23,NA,0,1,1,0,6,5.5,6,6.25,1.5,2,NA,NA
"54",131,6,6,2,6,2,"Public Health","Statistics in Public Health",5,5,4,5,2,2,1,1,2,2,2,2,1,0,NA,NA,NA,NA,NA,NA,NA,NA,NA,"UC Berkeley",2000,1,NA,NA,NA,NA,NA,NA,NA,0,1,0,0,0,0,0,0,0,0,0,0,0,0,0,0,0,0,0,NA,4,NA,0,36,NA,0,0,1,0,6,6,4,4.75,1,1.5,NA,NA
"55",164,4,3,6,5,4,"Software Engineering","Software Safety",3,2,4,4,3,0,1,1,2,1,1,1,1,0,NA,NA,NA,NA,NA,NA,NA,NA,NA,"Iowa State University",2000,1,NA,NA,NA,NA,NA,NA,NA,0,0,0,0,0,0,0,0,0,0,0,0,0,1,0,0,0,0,0,NA,3,NA,0,37,NA,0,0,1,0,2,3.5,4,3.25,1,1,NA,NA
"56",153,6,6,2,6,2,"Biology","Cell and Molecular Biology",6,6,2,6,1,0,1,1,4,4,5,2,1,0,NA,NA,NA,NA,NA,NA,NA,NA,NA,"Northeastern University",1999,1,NA,NA,NA,NA,NA,NA,NA,0,1,0,0,0,0,0,0,0,0,0,0,0,0,0,0,0,0,0,NA,4,NA,0,37,NA,0,0,1,0,6,6,6,6,1,1.5,NA,NA
"57",227,3,2,5,3,4,"Statistics","STAT 200",7,7,1,7,1,0,1,1,1,1,5,3,2,0,NA,NA,NA,NA,NA,NA,NA,NA,NA,"The Pennsylvania State University",2002,NA,1,NA,NA,NA,NA,NA,NA,0,0,0,0,0,0,0,0,0,0,0,0,0,1,0,0,0,0,0,NA,1,NA,0,37,NA,0,1,1,0,3,2.75,7,7,1,2.5,NA,NA
"58",138,5,5,3,6,3,"Biology","Botany",6,6,2,7,2,2,1,2,4,3,2,4,3,0,NA,NA,NA,NA,NA,NA,NA,NA,NA,"Michigan Technological University",2001,NA,1,1,NA,NA,NA,NA,NA,0,0,0,0,0,0,0,0,0,0,0,0,0,1,0,0,0,0,0,NA,2,NA,0,37,NA,0,1,1,0,5,5.25,6,6.25,1.5,3.5,NA,NA
"59",183,5,5,3,5,2,"Art History","20th Century Art 1950-Until Present",6,6,2,7,1,0,1,1,3,3,3,2,1,0,NA,NA,NA,NA,NA,NA,NA,NA,NA,"Indiana University Purdue University of Indianapolis",2002,1,NA,NA,NA,NA,NA,NA,NA,0,0,0,0,0,0,0,0,0,0,0,0,0,1,0,0,0,0,0,NA,2,NA,0,37,NA,0,0,1,0,5,5,6,6.25,1,1.5,NA,NA
"60",366,6,4,3,6,2,"English","English 1101",6,5,3,5,2,0,1,3,3,3,4,2,3,0,NA,NA,NA,NA,NA,NA,NA,NA,NA,"GNTC",1990,1,NA,NA,NA,NA,NA,NA,NA,0,0,0,0,0,0,0,0,0,0,0,0,0,1,0,0,0,0,0,NA,1,NA,0,36,NA,0,0,1,0,5,5.25,5,5.25,2,2.5,NA,NA
"61",160,6,6,2,7,2,"English","Composition II",6,6,2,5,2,0,2,1,3,3,4,3,3,0,NA,NA,NA,NA,NA,NA,NA,NA,NA,"University of Buffalo",2001,1,NA,NA,NA,NA,NA,NA,NA,0,1,0,0,0,0,0,0,0,0,0,0,0,0,0,0,0,0,0,NA,3,NA,0,36,NA,0,0,1,0,6,6.25,6,5.75,1.5,3,NA,NA
"62",264,6,6,2,6,1,"Psychology","Personality theory",6,6,2,6,1,0,2,1,2,4,2,2,4,0,NA,NA,NA,NA,NA,NA,NA,NA,NA,"Saint Joseph’s College of Maine",2003,1,NA,NA,NA,NA,NA,NA,NA,0,0,0,0,0,0,0,0,0,0,0,0,0,1,0,0,0,0,0,NA,1,NA,0,37,NA,0,0,1,0,6,6,6,6,1.5,3,NA,NA
"63",137,6,6,3,5,3,"Spanish","Spanish II",6,5,5,3,4,0,1,1,2,2,2,1,2,0,NA,NA,NA,NA,NA,NA,NA,NA,NA,"The University of Texas at Austin",1996,1,NA,NA,NA,NA,NA,NA,NA,0,0,0,0,0,0,0,0,0,0,0,0,0,1,0,0,0,0,0,NA,4,NA,0,37,"n/a",0,0,1,0,5,5.5,3,4.25,1,1.5,NA,NA
"64",187,5,5,4,5,3,"Math","Statistics",5,5,3,5,1,0,1,1,2,2,2,1,1,0,NA,NA,NA,NA,NA,NA,NA,NA,NA,"Abilene Christian University",2001,1,NA,NA,NA,NA,NA,NA,NA,0,0,0,0,0,0,0,0,0,0,0,0,0,1,0,0,0,0,0,NA,3,NA,0,37,NA,0,0,1,0,4,4.75,5,5,1,1,NA,NA
"65",219,6,6,2,6,2,"NRE (Natural Resources)","Climatology",4,3,4,5,3,3,2,2,4,4,4,2,2,0,NA,NA,NA,NA,NA,NA,NA,NA,NA,"University of Connecticut",2000,NA,1,NA,NA,NA,NA,NA,NA,0,0,0,0,0,0,0,0,0,0,0,0,0,1,0,0,0,0,0,NA,4,NA,0,37,"I forget which question it was but one of them had two slightly disagree answers and no slightly agree",0,1,1,0,6,6,4,4,2,2,NA,NA
"66",412,6,7,2,6,1,"Education, Counseling, and Leadership","Physical Health and Development",4,4,4,4,1,0,1,1,4,3,4,1,1,0,NA,NA,NA,NA,NA,NA,NA,NA,NA,"Bradley University",2002,1,NA,NA,NA,NA,NA,NA,NA,0,0,0,0,0,0,0,0,0,0,0,0,0,1,0,0,0,0,0,NA,2,NA,0,37,"I was a bit conflicted, the online courses at school are very online and asynchronous. But I have had really bad online classes, but those I took at another university and transferred, so they're not at the school I go to anymore.",0,0,1,0,6,6.25,4,4,1,1,NA,NA
"67",249,7,5,3,5,1,"Information and Library Science","Databases Systems and Applications 1",6,6,3,6,1,0,1,1,1,1,1,1,1,0,NA,NA,NA,NA,NA,NA,NA,NA,NA,"University of North Carolina at Chapel Hill",2001,NA,1,NA,NA,NA,NA,NA,NA,0,0,0,0,0,0,0,0,0,0,0,0,0,1,0,0,0,0,0,NA,2,NA,0,34,NA,0,1,1,0,5,5.5,5,5.75,1,1,NA,NA
"68",141,6,5,2,7,2,"Math","100",6,6,2,6,1,0,1,1,3,1,3,1,1,0,NA,NA,NA,NA,NA,NA,NA,NA,NA,"jeff state community college",1992,NA,1,NA,NA,NA,NA,NA,NA,0,0,0,0,0,0,0,0,0,0,0,0,0,1,0,0,0,0,0,NA,1,NA,0,23,NA,0,1,1,0,6,6,6,6,1,1,NA,NA
"69",347,6,5,2,6,1,"Biology","Environmental Biology",7,7,1,7,1,0,4,5,5,5,4,3,4,0,NA,NA,NA,NA,NA,NA,NA,NA,NA,"Miami University",2000,1,NA,NA,NA,NA,NA,NA,NA,0,0,0,0,0,0,0,0,0,0,0,0,0,1,0,0,0,0,0,NA,4,NA,0,34,NA,0,0,1,0,6,5.75,7,7,4.5,3.5,NA,NA
"70",219,6,6,2,6,3,"Computer Engineering","Technical Documentation",7,6,2,6,2,0,2,3,4,5,4,2,2,0,NA,NA,NA,NA,NA,NA,NA,NA,NA,"SUNY Buffalo",1982,1,NA,NA,NA,NA,NA,NA,NA,0,0,0,0,0,0,0,0,0,0,0,0,0,1,0,0,0,0,0,NA,6,"Continuing education",0,35,NA,0,0,1,0,6,6,6,6.25,2.5,2,NA,NA
"71",249,6,6,1,6,1,"Water Resources","Water Resources Management",6,6,2,6,1,1,2,2,4,4,4,2,2,0,NA,NA,NA,NA,NA,NA,NA,NA,NA,"Central State University",1986,1,NA,NA,NA,NA,NA,NA,NA,0,0,0,0,0,0,0,0,0,0,0,0,0,1,0,0,0,0,0,NA,5,NA,0,37,NA,0,0,1,0,7,6.25,6,6,2,2,NA,NA
"72",182,6,6,1,7,1,"Biobehavioral health","research applications in biobehavioral health",6,5,2,6,1,3,1,1,4,4,3,1,2,0,NA,NA,NA,NA,NA,NA,NA,NA,NA,"The Pennsylvania State University",1999,1,NA,NA,NA,NA,NA,NA,NA,0,0,0,0,0,0,0,0,0,0,0,0,0,1,0,0,0,0,0,NA,4,NA,0,23,NA,0,0,1,0,7,6.5,6,5.75,1,1.5,NA,NA
"73",198,2,3,5,5,3,"Psychology","History and Systems in Psychology",2,3,2,6,2,0,1,1,2,3,2,1,2,0,NA,NA,NA,NA,NA,NA,NA,NA,NA,"West Virginia University",2001,NA,1,NA,NA,NA,NA,NA,NA,0,0,0,0,0,0,0,0,0,0,0,0,0,1,0,0,0,0,0,NA,3,NA,0,34,NA,0,1,1,0,3,3.25,6,4.25,1,1.5,NA,NA
"74",168,6,6,2,7,2,"Computer Information Systems","Introduction to Computing",6,6,1,6,1,0,2,2,4,5,5,2,2,0,NA,NA,NA,NA,NA,NA,NA,NA,NA,"Grand Valley State University",2001,1,NA,NA,NA,NA,NA,NA,NA,0,0,0,0,0,0,0,0,0,0,0,0,0,1,0,0,0,0,0,NA,3,NA,0,35,NA,0,0,1,0,6,6.25,7,6.25,2,2,NA,NA
"75",200,5,5,2,6,2,"World Languages","Intermediate French",5,5,3,3,3,1,2,2,3,3,3,3,2,0,NA,NA,NA,NA,NA,NA,NA,NA,NA,"Salve Regina University",2002,1,NA,NA,NA,NA,NA,NA,NA,0,0,0,0,0,0,0,0,0,0,0,0,0,1,0,0,0,0,0,NA,2,NA,0,37,NA,0,0,1,0,6,5.5,5,4.5,2,2.5,NA,NA
"76",127,2,2,7,2,5,"Math","Algebra",1,1,7,1,4,0,1,1,1,1,1,1,1,0,NA,NA,NA,NA,NA,NA,NA,NA,NA,"Lone Star College",2002,1,NA,NA,NA,NA,NA,NA,NA,0,0,0,0,0,0,0,0,0,0,0,0,0,1,0,0,0,0,0,NA,2,NA,0,36,NA,0,0,1,0,1,1.75,1,1,1,1,NA,NA
"77",240,6,6,2,6,2,"Business","Introduction to Computer Technology",2,6,2,6,3,0,2,2,4,4,3,2,2,0,NA,NA,NA,NA,NA,NA,NA,NA,NA,"Southwestern Michigan College",2003,NA,1,NA,NA,NA,NA,NA,NA,0,0,0,0,0,0,0,0,0,0,0,0,0,1,0,0,0,0,0,NA,1,NA,0,37,NA,0,1,1,0,6,6,6,5,2,2,NA,NA
"78",139,3,4,4,3,3,"Business","Business Forum",4,4,4,5,1,0,1,1,2,1,1,5,5,0,NA,NA,NA,NA,NA,NA,NA,NA,NA,"Rutgers",2001,NA,1,NA,NA,NA,NA,NA,NA,0,0,1,0,0,0,0,0,0,0,0,0,0,0,0,0,0,0,0,NA,3,NA,0,37,NA,0,1,1,0,4,3.5,4,4.25,1,5,NA,NA
"79",232,6,6,2,6,2,"Math","Math 103",6,6,2,6,2,2,2,2,3,3,3,2,2,0,NA,NA,NA,NA,NA,NA,NA,NA,NA,"UW Madison",2000,NA,1,NA,NA,NA,NA,NA,NA,0,0,0,0,0,0,0,0,0,0,0,0,0,1,0,0,0,0,0,NA,3,NA,0,36,NA,0,1,1,0,6,6,6,6,2,2,NA,NA
"80",191,6,6,2,6,1,"Philosophy","Introduction to Philosophy",5,5,3,6,2,0,2,2,4,4,4,2,2,0,NA,NA,NA,NA,NA,NA,NA,NA,NA,"Indian River State College",1985,NA,1,NA,NA,NA,NA,NA,NA,0,0,0,0,0,0,0,0,0,0,0,0,0,1,0,0,0,0,0,NA,2,NA,0,35,NA,0,1,1,0,6,6,5,5.25,2,2,NA,NA
"81",166,5,6,2,7,2,"History","Modern Chinese History",6,5,2,6,1,1,2,2,3,3,4,2,3,0,NA,NA,NA,NA,NA,NA,NA,NA,NA,"University of Baltimore",1995,NA,1,NA,NA,NA,NA,NA,NA,0,0,0,0,0,0,0,0,0,0,0,0,0,1,0,0,0,0,0,NA,3,NA,0,37,NA,0,1,1,0,6,6,6,5.75,2,2.5,NA,NA
"82",305,5,3,5,5,3,"Science","Astronomy",5,3,5,6,3,0,2,2,3,4,2,2,2,0,NA,NA,NA,NA,NA,NA,NA,NA,NA,"Tulsa Community College",1997,1,NA,1,NA,1,NA,NA,NA,0,0,0,0,0,0,0,0,0,0,0,0,0,1,0,0,0,0,0,NA,3,NA,0,23,"none",1,0,1,0,3,4,3,4.25,2,2,NA,NA
"83",170,4,4,2,6,2,"IT","Intro to Computer Networking",6,6,2,6,1,0,1,1,3,3,3,1,2,0,NA,NA,NA,NA,NA,NA,NA,NA,NA,"Jefferson community and technical college",1984,NA,1,NA,NA,NA,NA,NA,NA,0,0,0,0,0,0,0,0,0,0,0,0,0,1,0,0,0,0,0,NA,2,NA,0,34,NA,0,1,1,0,6,5,6,6,1,1.5,NA,NA
"84",202,6,6,2,6,2,"Accounting","Auditing",6,6,2,6,1,0,3,2,4,4,4,4,2,0,NA,NA,NA,NA,NA,NA,NA,NA,NA,"CSU - Global",1996,NA,1,NA,NA,NA,1,NA,NA,0,0,0,0,0,0,0,0,0,0,0,0,0,1,0,0,0,0,0,NA,4,NA,0,36,NA,1,1,1,0,6,6,6,6,2.5,3,NA,NA
"85",271,7,6,2,7,2,"Music Business Performance and Technology","Sound Design",7,7,1,7,1,0,1,2,3,5,4,2,3,0,NA,NA,NA,NA,NA,NA,NA,NA,NA,"Austin Community College",1988,NA,1,NA,NA,NA,NA,NA,NA,0,0,0,0,0,1,0,0,0,0,0,0,0,0,0,0,0,0,0,NA,2,NA,0,37,NA,0,1,1,0,6,6.5,7,7,1.5,2.5,NA,NA
"86",172,3,3,5,3,3,"Networking","Cgs 1060",5,5,3,5,3,1,2,2,2,2,3,3,2,0,NA,NA,NA,NA,NA,NA,NA,NA,NA,"Miami dade college",1997,NA,NA,NA,NA,NA,NA,1,NA,0,0,0,0,0,0,0,0,0,0,0,0,0,0,0,0,0,0,1,NA,2,NA,0,23,NA,1,0,0,0,3,3,5,5,2,2.5,NA,NA
"87",248,4,3,6,4,1,"Computer Science","Human Computer Interaction",7,6,2,6,1,2,2,2,4,5,4,1,1,0,NA,NA,NA,NA,NA,NA,NA,NA,NA,"California State University Channel Islands",2000,NA,1,NA,NA,NA,NA,NA,NA,0,0,0,0,0,0,0,0,0,0,0,0,0,1,0,0,0,0,0,NA,3,NA,0,37,NA,0,1,1,0,2,3.25,6,6.25,2,1,NA,NA
"88",388,6,6,2,6,2,"ECON","Principles of Macroeconomics",7,7,1,7,1,0,2,2,5,5,5,2,2,0,NA,NA,NA,NA,NA,NA,NA,NA,NA,"Pellissippi",1996,NA,1,NA,NA,NA,NA,NA,NA,0,0,0,0,0,0,0,0,0,0,0,0,0,1,0,0,0,0,0,NA,1,NA,0,36,NA,0,1,1,0,6,6,7,7,2,2,NA,NA
"89",159,5,4,5,5,3,"Psychology","Intro to Psychology",6,5,4,5,1,1,1,1,2,2,2,1,1,0,NA,NA,NA,NA,NA,NA,NA,NA,NA,"University of Miami",2003,NA,1,NA,NA,NA,NA,NA,NA,0,0,0,0,0,0,0,1,0,0,0,0,0,0,0,0,0,0,0,NA,1,NA,0,22,NA,0,1,1,0,3,4.25,4,5,1,1,NA,NA
"90",145,6,6,2,6,2,"Policy Studies","Lies, Damn Lies, and Statistics",1,7,1,7,4,0,2,2,4,2,4,3,3,0,NA,NA,NA,NA,NA,NA,NA,NA,NA,"GSU",2000,NA,NA,1,NA,NA,1,NA,"non-binary",0,0,0,0,0,0,0,0,0,0,0,0,0,0,0,1,0,0,0,NA,2,NA,0,37,NA,1,0,1,0,6,6,7,5.5,2,3,NA,NA
"91",176,7,7,1,7,2,"Information and Operations Management.","Management Information Systems",5,5,3,5,2,0,1,1,2,1,2,2,1,0,NA,NA,NA,NA,NA,NA,NA,NA,NA,"San Diego State",2003,NA,1,NA,NA,NA,NA,NA,NA,0,0,0,0,0,0,0,0,0,0,0,0,0,1,0,0,0,0,0,NA,1,NA,0,36,NA,0,1,1,0,7,7,5,5,1,1.5,NA,NA
"92",200,3,2,6,7,3,"Psychology","Intro to Psychology",5,5,2,6,2,1,1,2,2,3,3,3,2,0,NA,NA,NA,NA,NA,NA,NA,NA,NA,"Bloomsburg University of Pennsylvania",2003,NA,1,NA,NA,NA,NA,NA,NA,0,0,0,0,0,0,0,0,0,0,0,0,0,1,0,0,0,0,0,NA,1,NA,0,23,NA,0,1,1,0,2,3.5,6,5.5,1.5,2.5,NA,NA
"93",200,7,7,1,6,1,"cis","intro to unix",7,7,1,7,2,0,1,4,1,3,2,2,1,0,NA,NA,NA,NA,NA,NA,NA,NA,NA,"Lake Superior College",1996,NA,1,NA,NA,NA,NA,NA,NA,0,0,0,0,0,0,0,0,0,0,0,0,0,1,0,0,0,0,0,NA,2,NA,0,34,NA,0,1,1,0,7,6.75,7,7,2.5,1.5,NA,NA
"94",150,6,6,2,6,1,"Information and Technology","Math 130: Fundamentals of Reasoning",6,6,2,6,1,0,1,1,4,5,5,1,1,0,NA,NA,NA,NA,NA,NA,NA,NA,NA,"Virginia Western Community College",2001,NA,1,NA,NA,NA,NA,NA,NA,0,0,0,0,0,0,0,0,0,0,0,0,0,1,0,0,0,0,0,NA,3,NA,0,23,NA,0,1,1,0,6,6,6,6,1,1,NA,NA
"95",345,5,3,2,6,2,"Aerospace Engineering","Structural Analysis of Aerospace Vehicles",6,5,3,5,3,3,3,3,2,2,3,1,1,0,NA,NA,NA,NA,NA,NA,NA,NA,NA,"Univeristy of Tennessee Knoxville",2000,NA,1,NA,NA,NA,NA,NA,NA,0,0,0,0,0,0,0,0,0,0,0,0,0,1,0,0,0,0,0,NA,4,NA,0,36,NA,0,1,1,0,6,5,5,5.25,3,1,NA,NA
"96",265,6,6,2,6,2,"Chemistry","General Chemistry ll",5,5,3,5,3,0,1,1,2,3,2,1,1,0,NA,NA,NA,NA,NA,NA,NA,NA,NA,"The University of Texas at San Antonio",2001,NA,1,NA,NA,NA,NA,NA,NA,0,0,0,0,0,1,0,0,0,0,0,0,0,0,0,0,0,0,0,NA,3,NA,0,23,":P",0,1,1,0,6,6,5,5,1,1,NA,NA
"97",135,5,5,3,4,3,"Accounting 402","Financial Reporting II",4,4,4,4,3,1,1,1,1,1,1,1,1,0,NA,NA,NA,NA,NA,NA,NA,NA,NA,"University of Nevada, Las Vegas",1996,NA,1,NA,NA,NA,NA,NA,NA,0,0,1,0,0,0,0,0,0,0,0,0,0,0,0,0,0,0,0,NA,4,NA,0,34,"None",0,1,1,0,5,4.75,4,4,1,1,NA,NA
"98",214,7,7,1,7,2,"Business","BCIS1305",4,5,2,6,1,0,1,1,3,3,3,2,2,0,NA,NA,NA,NA,NA,NA,NA,NA,NA,"University of Houston",2001,NA,1,NA,NA,NA,NA,NA,NA,0,0,1,0,0,0,0,0,0,0,0,0,0,0,0,0,0,0,0,NA,2,NA,0,36,NA,0,1,1,0,7,7,6,5.25,1,2,NA,NA
"99",277,6,5,3,5,2,"Engineering","Computer Science",6,5,2,2,3,1,1,1,3,3,3,2,3,0,NA,NA,NA,NA,NA,NA,NA,NA,NA,"University Of Toledo",2002,NA,1,NA,NA,NA,NA,NA,NA,0,0,0,0,0,0,0,0,0,0,0,0,0,1,0,0,0,0,0,NA,1,NA,0,36,NA,0,1,1,0,5,5.25,6,4.75,1,2.5,NA,NA
"100",143,6,6,3,6,3,"Art History","Visual Art in Medieval Europe",5,5,4,5,3,1,2,3,4,3,3,2,2,0,NA,NA,NA,NA,NA,NA,NA,NA,NA,"Western Washington University",2003,NA,1,NA,NA,NA,NA,NA,NA,0,0,0,0,0,0,0,0,0,0,0,0,0,1,0,0,0,0,0,NA,1,NA,0,23,NA,0,1,1,0,5,5.75,4,4.75,2.5,2,NA,NA
"101",365,6,6,3,6,1,"MGMT  3721","Essentials of Organizational Behavior",6,6,3,7,1,2,2,3,3,3,3,2,2,0,NA,NA,NA,NA,NA,NA,NA,NA,NA,"University of North Texas",1992,NA,1,NA,NA,NA,NA,NA,NA,0,0,0,0,0,0,0,0,0,0,0,0,0,1,0,0,0,0,0,NA,4,NA,0,23,NA,0,1,1,0,5,5.75,5,6,2.5,2,NA,NA
"102",223,5,5,5,6,3,"Business","Economic concepts",4,4,4,5,1,2,2,2,3,4,4,2,2,0,NA,NA,NA,NA,NA,NA,NA,NA,NA,"University of Scranton",2001,NA,1,NA,NA,NA,NA,NA,NA,0,0,0,0,0,0,0,0,0,0,0,0,0,1,0,0,0,0,0,NA,3,NA,0,36,NA,0,1,1,0,3,4.75,4,4.25,2,2,NA,NA
"103",202,6,5,5,6,3,"Science","Industrial psycology",2,3,4,5,3,0,1,1,3,2,3,1,2,0,NA,NA,NA,NA,NA,NA,NA,NA,NA,"East Carolina University",2000,NA,1,NA,NA,NA,NA,NA,NA,0,0,0,0,0,0,0,0,0,0,0,0,0,1,0,0,0,0,0,NA,3,NA,0,36,NA,0,1,1,0,3,5,4,3.5,1,1.5,NA,NA
"104",163,7,5,5,6,3,"Religion","Hinduism",5,6,3,6,3,0,2,1,4,4,5,2,1,0,NA,NA,NA,NA,NA,NA,NA,NA,NA,"Bucknell University",2001,NA,1,NA,NA,NA,NA,NA,NA,0,0,0,1,0,0,0,0,0,0,0,0,0,0,0,0,0,0,0,NA,1,NA,0,37,NA,0,1,1,0,3,5.25,5,5.5,1.5,1.5,NA,NA
"105",162,7,7,1,7,1,"Psychology","Intro psychology",5,6,2,6,3,0,1,1,1,1,1,1,1,0,NA,NA,NA,NA,NA,NA,NA,NA,NA,"university of georgia",2000,NA,1,NA,NA,NA,NA,NA,NA,0,0,0,0,0,0,0,0,0,0,0,0,0,1,0,0,0,0,0,NA,3,NA,0,36,NA,0,1,1,0,7,7,6,5.75,1,1,NA,NA
"106",253,3,2,6,2,3,"physics","dynamics 402",4,2,6,2,3,1,1,1,1,1,1,1,1,0,NA,NA,NA,NA,NA,NA,NA,NA,NA,"Indiana University of Pennsylvania",1987,NA,1,NA,NA,NA,NA,NA,NA,1,0,0,0,0,0,0,0,0,1,0,0,0,1,1,0,0,0,0,NA,3,NA,0,34,NA,0,1,4,1,2,2.25,2,2.5,1,1,NA,NA
"107",142,3,4,5,4,4,"psychology","psychobiology",3,3,4,4,3,0,1,1,1,1,1,1,2,0,NA,NA,NA,NA,NA,NA,NA,NA,NA,"University of Cincinnati",1998,1,NA,NA,NA,NA,NA,NA,NA,0,0,0,0,0,0,0,0,0,0,0,0,0,1,1,0,0,0,0,NA,4,NA,0,37,NA,0,0,2,1,3,3.5,4,3.5,1,1.5,NA,NA
"108",158,6,6,2,7,2,"Physics","PHYS122",2,2,6,2,4,1,1,1,1,1,1,1,1,0,NA,NA,NA,NA,NA,NA,NA,NA,NA,"University of Illinois at Urbana-Champaign",1999,1,NA,NA,NA,NA,NA,NA,NA,0,0,0,0,0,0,0,0,0,0,0,0,0,1,1,0,0,0,0,NA,4,NA,0,36,NA,0,0,2,1,6,6.25,2,2,1,1,NA,NA
"109",152,5,5,7,2,5,"Psychology","Health Psychology",5,5,3,5,3,0,1,1,2,3,2,1,1,0,NA,NA,NA,NA,NA,NA,NA,NA,NA,"Old Dominion University",2000,1,NA,NA,NA,NA,NA,NA,NA,0,0,0,0,0,0,0,0,0,1,0,0,0,1,0,0,0,0,0,NA,4,NA,0,36,NA,0,0,2,1,1,3.25,5,5,1,1,NA,NA
"110",248,5,5,3,6,2,"Anthropology","Contemporary World Anthropology",7,7,2,6,1,0,3,2,5,4,5,3,3,0,NA,NA,NA,NA,NA,NA,NA,NA,NA,"Southern New Hampshire university",1985,NA,1,NA,NA,NA,NA,NA,NA,1,0,0,0,0,0,1,0,0,1,0,0,0,0,0,0,0,0,0,NA,4,NA,0,23,NA,0,1,3,1,5,5.25,6,6.5,2.5,3,NA,NA
"111",262,7,7,1,7,2,"Antrhopology","Introduction to Cultural Anthropology",6,6,2,6,2,1,2,2,3,5,5,2,2,0,NA,NA,NA,NA,NA,NA,NA,NA,NA,"Unniversity of Nevada, Las Vegas",2000,NA,1,NA,NA,NA,NA,NA,NA,0,1,0,0,0,0,0,0,0,0,0,0,0,0,1,0,0,0,0,NA,3,NA,0,36,NA,0,1,2,1,7,7,6,6,2,2,NA,NA
"112",221,6,7,2,6,3,"Chemistry","Physical chemistry",5,6,3,6,3,2,1,1,3,3,3,2,2,0,NA,NA,NA,NA,NA,NA,NA,NA,NA,"University of Southern California",2000,1,NA,NA,NA,NA,NA,NA,NA,0,1,0,0,0,0,0,0,0,0,0,0,0,1,0,0,0,0,0,NA,4,NA,0,36,NA,0,0,2,1,6,6.25,5,5.5,1,2,NA,NA
"113",879,4,4,4,4,2,"Computer science department","CSCI 7",4,4,4,3,3,2,1,2,2,2,2,1,1,0,NA,NA,NA,NA,NA,NA,NA,NA,NA,"El camino college",1991,NA,NA,NA,NA,1,1,NA,"They",0,0,0,0,0,1,0,0,0,0,0,0,0,1,0,0,0,0,0,NA,3,NA,0,23,"No problems experienced.",1,0,2,1,4,4,4,3.75,1.5,1,NA,NA
"114",164,5,5,6,5,3,"Plant and Microbial Biology","Microbial Genomics and Genetics",3,2,7,3,5,2,1,1,1,1,1,1,1,0,NA,NA,NA,NA,NA,NA,NA,NA,NA,"University of California, Berkeley",2000,1,NA,NA,NA,NA,NA,NA,NA,0,0,0,0,0,0,0,0,1,0,0,0,0,1,0,0,0,0,0,NA,4,NA,0,34,NA,0,0,2,1,2,4.25,1,2.25,1,1,NA,NA
"115",1002,6,6,3,6,2,"Health education","HE102",6,6,2,6,2,0,5,4,4,4,4,5,5,0,NA,NA,NA,NA,NA,NA,NA,NA,NA,"Imperial valley college",1986,NA,1,NA,NA,NA,NA,NA,NA,0,0,0,1,0,1,0,0,0,0,0,0,0,0,0,0,0,0,0,NA,2,NA,0,36,"Thanks for all you do",0,1,2,1,5,5.75,6,6,4.5,5,NA,NA
"116",124,6,6,3,7,2,"Health Science","Human Development",6,6,3,4,3,0,3,3,2,3,3,2,3,0,NA,NA,NA,NA,NA,NA,NA,NA,NA,"University of the People",1996,NA,NA,NA,NA,NA,1,NA,"Agender",0,0,0,0,0,0,1,0,0,0,0,1,0,0,0,0,0,0,0,NA,3,NA,0,23,NA,1,0,2,1,5,6,5,5.25,3,2.5,NA,NA
"117",431,2,2,6,2,4,"psych","adult psychology",2,3,6,2,3,0,1,1,1,1,1,4,5,0,NA,NA,NA,NA,NA,NA,NA,NA,NA,"university of the arts",2000,NA,NA,1,NA,NA,NA,NA,NA,0,0,0,0,0,0,0,0,0,0,0,0,0,1,0,1,0,0,0,NA,4,NA,0,36,NA,1,0,2,1,2,2,2,2.25,1,4.5,NA,NA
"118",115,6,5,4,5,2,"Mathematics","Calculus",5,4,4,5,2,0,1,1,2,1,2,2,3,0,NA,NA,NA,NA,NA,NA,NA,NA,NA,"University of Texas",2003,1,NA,NA,NA,NA,NA,NA,NA,0,0,1,0,0,0,0,0,0,0,0,0,0,1,0,0,0,0,0,NA,1,NA,0,36,NA,0,0,2,1,4,5,4,4.5,1,2.5,NA,NA
"119",102,6,3,6,3,3,"Economics","Public FInance",6,6,4,4,2,1,1,1,1,1,1,1,1,0,NA,NA,NA,NA,NA,NA,NA,NA,NA,"Boston College",2000,NA,1,NA,NA,NA,NA,NA,NA,0,1,0,0,0,0,0,0,0,0,0,0,0,1,0,0,0,0,0,NA,4,NA,0,37,NA,0,1,2,1,2,3.5,4,5,1,1,NA,NA
"120",271,5,5,6,3,3,"Math","Calculus 1",6,6,3,5,2,0,1,1,2,2,2,1,1,0,NA,NA,NA,NA,NA,NA,NA,NA,NA,"Worcester Polytechnic Institute",2001,NA,1,NA,NA,NA,NA,NA,NA,0,0,0,0,0,0,0,0,1,0,0,0,0,0,1,0,0,0,0,NA,2,NA,0,37,"One of the questions, I think the class specific ""I feel like an outsider"" question, had ""somewhat disagree"" where ""somewhat agree"" should have gone",0,1,2,1,2,3.75,5,5.5,1,1,NA,NA
"121",259,7,5,5,6,1,"Pol Sci","Pol142A",7,7,1,7,1,1,2,1,5,5,5,4,2,0,NA,NA,NA,NA,NA,NA,NA,NA,NA,"UCSD",1994,NA,1,NA,NA,NA,NA,NA,NA,0,0,0,0,0,0,0,0,0,0,1,0,0,1,0,0,0,0,0,NA,4,NA,0,34,NA,0,1,2,1,3,5.25,7,7,1.5,3,NA,NA
"122",145,6,6,4,6,3,"Philosophy","Ethics",6,5,5,6,2,0,2,1,2,3,2,1,1,0,NA,NA,NA,NA,NA,NA,NA,NA,NA,"Marist College",2001,NA,1,NA,NA,NA,NA,NA,NA,0,1,0,0,0,0,0,0,0,0,0,0,0,1,0,0,0,0,0,NA,3,NA,0,37,NA,0,1,2,1,4,5.5,3,5,1.5,1,NA,NA
"123",136,6,6,3,6,3,"International Studies","Selected World Problems",5,5,6,3,3,0,1,1,2,2,3,1,1,0,NA,NA,NA,NA,NA,NA,NA,NA,NA,"Virginia Polytechnic Institute and State University",2001,NA,1,NA,NA,NA,NA,NA,NA,0,0,0,0,0,0,0,1,0,0,0,0,0,1,0,0,0,0,0,NA,2,NA,0,37,NA,0,1,2,1,5,5.75,2,3.75,1,1,NA,NA
"124",280,6,5,3,5,2,"EAS","403",5,5,3,5,2,2,2,2,3,3,3,3,3,2,1,1,3,2,3,2,3,3,3,"University of Pennsylvania",1999,NA,1,NA,NA,NA,NA,NA,NA,0,0,0,0,0,0,0,0,0,1,0,0,0,0,0,0,0,0,0,NA,4,NA,0,22,NA,0,1,1,0,5,5.25,5,5,2,3,2,3
"125",284,6,6,2,6,3,"Political science","Intro to contemporary Africa",6,6,2,6,1,2,1,1,2,5,4,2,1,2,1,1,5,1,4,1,5,5,1,"Howard University",2000,1,NA,NA,NA,NA,NA,NA,NA,0,0,0,0,0,0,0,0,0,1,0,0,0,0,0,0,0,0,0,NA,4,NA,0,37,NA,0,0,1,0,6,6,6,6,1,1.5,1,3
"126",187,6,6,2,7,2,"Psych","Bio-psych",6,6,2,6,1,1,2,2,3,3,3,3,2,1,2,1,4,2,4,3,2,2,2,"QCC",2002,NA,1,NA,NA,NA,NA,NA,NA,0,0,0,0,0,0,0,0,0,1,0,0,0,0,0,0,0,0,0,NA,1,NA,0,37,NA,0,1,1,0,6,6.25,6,6,2,2.5,2.5,2
"127",221,6,6,2,6,1,"Communication sciences and disorders","Speech science",6,6,2,6,1,2,2,2,3,3,3,4,4,2,1,2,3,2,3,2,3,4,4,"University of Houston",2003,1,NA,NA,NA,NA,NA,NA,NA,0,0,0,0,0,0,0,0,0,1,0,0,0,0,0,0,0,0,0,NA,1,NA,0,36,NA,0,0,1,0,6,6,6,6,2,4,2,4
"128",233,6,7,2,7,1,"English","Mythology and Culture",7,6,2,6,2,1,2,2,2,4,3,4,3,3,1,0,5,4,5,4,4,4,3,"Eastern Illinois University",2000,1,NA,NA,NA,NA,NA,NA,NA,0,0,0,0,0,0,0,0,0,1,0,0,0,0,0,0,0,0,0,NA,4,NA,0,37,NA,0,0,1,0,6,6.5,6,6.25,2,3.5,4,3.5
"129",198,6,6,2,7,1,"Computer Science","CTS 216",7,6,1,7,1,0,1,1,4,4,4,2,2,1,0,NA,4,1,2,1,4,1,1,"Anne Arundel Community College",1999,NA,1,NA,NA,NA,NA,NA,NA,0,0,0,0,0,0,0,0,0,1,0,0,0,0,0,0,0,0,0,NA,2,NA,0,34,NA,0,1,1,0,6,6.25,7,6.75,1,2,1,1
"130",213,5,5,2,5,2,"Business","Business",4,4,3,4,2,0,1,3,3,3,3,3,3,2,2,0,4,2,3,3,3,3,2,"PCC",2002,1,NA,NA,NA,NA,NA,NA,NA,0,0,0,0,0,0,0,0,0,1,0,0,0,0,0,0,0,0,0,NA,2,NA,0,23,NA,0,0,1,0,6,5.25,5,4.25,2,3,2.5,2.5
"131",160,6,6,2,5,2,"Politics","Constitutional Law: Balancing Powers",7,6,2,5,2,3,1,1,4,3,4,2,1,1,1,5,5,2,4,2,5,1,1,"Sewanee: The University of the South",2000,1,NA,NA,NA,NA,NA,NA,NA,0,0,0,0,0,0,0,0,0,1,0,0,0,0,0,0,0,0,0,NA,4,NA,0,37,NA,0,0,1,0,6,5.75,6,6,1,1.5,2,1
"132",698,6,6,2,7,2,"Computer Science","Data Structures",6,6,2,6,3,0,1,2,2,1,2,1,1,1,0,NA,2,1,2,1,2,2,1,"Western Governors University",1997,NA,1,NA,NA,NA,NA,NA,NA,0,0,0,0,0,0,0,0,0,1,0,0,0,0,0,0,0,0,0,NA,3,NA,0,37,"We usually don't have lectures or classes per say at WGU. We are given the materials and then we learn at our own pace. There are a few meetings sometimes if you want to have more of the lecture format, but I just learn the material on my own.",0,1,1,0,6,6.25,6,6,1.5,1,1,1.5
"133",363,4,5,3,6,2,"Physics","Physics for Engineers I",5,6,2,5,4,0,2,2,1,3,2,2,3,1,2,0,3,2,3,2,3,2,2,"Embry-Riddle Aeronautical, World Wide",1998,NA,1,NA,NA,NA,NA,NA,NA,0,0,0,0,0,0,0,0,0,1,0,0,0,0,0,0,0,0,0,NA,2,NA,0,34,NA,0,1,1,0,5,5,6,5.5,2,2.5,2,2
"134",301,4,4,3,6,2,"ECON","Econometrics",3,4,4,3,3,0,1,1,2,2,2,1,1,1,1,0,3,1,3,2,3,1,1,"Truman State University",1991,NA,1,NA,NA,NA,NA,NA,NA,0,0,0,0,0,0,0,0,0,1,0,0,0,0,0,0,0,0,0,NA,3,NA,0,34,NA,0,1,1,0,5,4.75,4,3.5,1,1,1.5,1
"135",254,5,5,3,5,2,"Dance","Seminar",2,3,6,2,4,4,2,2,1,1,1,3,3,1,0,NA,2,2,2,2,2,3,3,"San Jose State University",2000,1,NA,NA,NA,NA,NA,NA,NA,0,0,0,0,0,0,0,0,0,0,0,0,0,1,0,0,0,0,0,NA,4,NA,0,35,NA,0,0,1,0,5,5,2,2.25,2,3,2,3
"136",288,4,5,3,5,3,"Art History","Visualizing Ancient Rome",5,5,5,3,3,2,1,1,2,2,1,2,2,1,0,NA,3,1,1,1,3,1,1,"Wheaton College (MA)",2001,1,NA,NA,NA,NA,NA,NA,NA,0,0,0,0,0,0,0,0,0,0,0,0,0,1,0,0,0,0,0,NA,3,NA,0,36,NA,0,0,1,0,5,4.75,3,4,1,2,1,1
"137",640,7,6,2,6,3,"Physiology","Intro to Physiology",7,6,2,6,2,2,2,2,3,3,3,2,2,3,0,NA,3,2,2,4,3,2,2,"Northern Illinois University",2000,1,NA,NA,NA,NA,NA,NA,NA,0,0,0,0,0,0,0,0,0,0,0,0,0,1,0,0,0,0,0,NA,4,NA,0,36,NA,0,0,1,0,6,6.25,6,6.25,2,2,3,2
"138",133,7,7,1,7,1,"Economics","Economics 101",7,7,1,7,1,3,2,3,3,3,3,4,3,2,2,2,3,3,3,3,3,3,2,"University of Tampa",1992,1,NA,NA,NA,NA,NA,NA,NA,0,0,0,1,0,0,0,0,0,0,0,0,0,0,0,0,0,0,0,NA,3,NA,0,36,NA,0,0,1,0,7,7,7,7,2.5,3.5,3,2.5
"139",188,5,5,5,6,3,"Sociology","Social forces",6,5,3,6,2,0,1,1,2,3,3,3,2,1,0,NA,3,2,3,2,4,1,2,"Brown",2003,1,NA,NA,NA,NA,NA,NA,NA,0,0,0,0,0,0,0,0,0,0,0,0,0,1,0,0,0,0,0,NA,1,NA,1,37,NA,0,0,1,0,3,4.75,5,5.5,1,2.5,2,1.5
"140",251,6,6,2,6,2,"biology","microbiology",6,6,2,6,2,1,2,3,3,4,4,4,4,1,0,NA,4,2,4,2,4,3,4,"pasco hernando state college",2002,1,NA,NA,NA,NA,NA,NA,NA,0,0,0,0,0,0,0,0,0,0,0,0,0,1,0,0,0,0,0,NA,2,NA,0,36,NA,0,0,1,0,6,6,6,6,2.5,4,2,3.5
"141",583,6,6,3,5,2,"Nursing","Nclex preparedness class",7,6,2,5,2,4,2,2,4,3,3,2,2,1,2,5,3,2,3,2,3,4,2,"CSUSB",1997,1,NA,NA,NA,NA,NA,NA,NA,0,0,0,0,0,1,0,0,0,0,0,0,0,0,0,0,0,0,0,NA,4,NA,0,34,NA,0,0,1,0,5,5.5,6,6,2,2,2,3
"142",294,5,5,4,5,3,"Literature & English","Introduction to Poetry",6,6,3,6,2,0,3,3,4,4,4,3,3,1,0,NA,3,3,4,3,3,3,3,"Central Washington University",1990,NA,1,1,NA,1,1,NA,"Nonbinary",0,0,0,0,0,0,0,0,0,0,0,0,0,1,0,0,0,0,0,NA,4,NA,0,34,"I think one thing to note is that I generally feel like I belong in my actual classes and major, but I don't always feel like I belong in the college as a whole (probably because there's a lot of focus on med studies and teaching studies whereas I'm in a humanities major). There's a pretty distinct divide there.",1,1,1,0,4,4.75,5,5.75,3,3,3,3
"143",222,3,3,6,5,4,"Biology","General Biology",5,5,3,5,3,1,1,1,2,2,2,2,2,1,0,NA,3,2,3,2,3,2,2,"Providence College",2003,1,NA,NA,NA,NA,NA,NA,NA,0,0,0,0,0,0,0,0,0,0,0,0,0,1,0,0,0,0,0,NA,1,NA,0,37,NA,0,0,1,0,2,3.25,5,5,1,2,2,2
"144",132,3,3,5,2,4,"Linguistics","Ling 1",2,2,5,2,4,0,3,3,2,2,2,2,2,1,0,NA,2,3,3,3,2,2,2,"UCLA",2002,NA,1,NA,NA,NA,NA,NA,NA,0,0,1,0,0,0,0,0,0,0,0,0,0,0,0,0,0,0,0,NA,3,NA,0,34,NA,0,1,1,0,3,2.75,3,2.25,3,2,3,2
"145",291,7,6,2,5,3,"English","English 102",6,6,2,7,1,0,3,3,3,5,3,5,5,1,1,0,4,4,5,4,3,5,5,"Naugatuck Valley Community College",1994,NA,1,NA,NA,NA,NA,NA,NA,0,0,0,0,0,0,1,0,0,0,0,0,0,0,0,0,0,0,0,NA,2,NA,0,34,NA,0,1,1,0,6,6,6,6.25,3,5,4,5
"146",379,4,4,4,6,1,"Science department","General Chemistry",3,3,6,6,4,2,3,3,4,4,4,1,1,2,1,3,5,4,5,4,4,1,1,"Merced College",2000,1,NA,NA,NA,NA,NA,NA,NA,0,0,0,0,0,1,0,0,0,0,0,0,0,0,0,0,0,0,0,NA,2,NA,0,NA,NA,0,0,1,0,4,4.5,2,3.5,3,1,4,1
"147",258,4,5,3,6,3,"Anthropology","Intro to Cultural Anthropology",6,6,2,6,2,0,2,3,3,3,4,3,4,1,1,0,4,3,4,2,4,3,2,"University of Tennessee",2002,NA,1,NA,NA,NA,NA,NA,NA,0,0,0,0,0,0,0,0,0,0,0,0,0,1,0,0,0,0,0,NA,1,NA,0,34,NA,0,1,1,0,5,5,6,6,2.5,3.5,2.5,2.5
"148",171,7,7,1,7,2,"communication studies","comm ethics",7,7,1,7,2,3,2,2,4,4,3,4,4,2,2,3,3,3,3,3,3,3,4,"Longwood University",2001,1,NA,NA,NA,NA,NA,NA,NA,0,0,0,0,0,0,0,0,0,0,0,0,0,1,0,0,0,0,0,NA,3,NA,0,34,NA,0,0,1,0,7,7,7,7,2,4,3,3.5
"149",139,6,6,2,5,2,"Curriculum and Instruction","Video Games and Learning",6,6,1,5,1,0,2,3,3,3,3,2,2,2,2,0,3,3,3,4,3,2,2,"University of Wisconsin-Madison",2001,1,NA,NA,NA,NA,NA,NA,NA,0,0,0,0,0,0,0,0,0,0,0,0,0,1,0,0,0,0,0,NA,3,NA,0,36,NA,0,0,1,0,6,5.75,7,6,2.5,2,3.5,2
"150",240,6,6,2,6,2,"Psychology","Developmental Psychology",6,6,2,6,2,2,3,4,4,5,5,3,3,1,0,NA,4,2,4,2,4,2,2,"Appalachian State",2002,NA,1,NA,NA,NA,NA,NA,NA,0,0,0,0,0,0,0,0,0,0,0,0,0,1,0,0,0,0,0,NA,3,NA,0,36,"n/a",0,1,1,0,6,6,6,6,3.5,3,2,2
"151",198,6,6,3,6,3,"Biochemistry","Biochemistry I",4,5,2,6,2,2,2,2,4,4,4,2,1,1,0,NA,4,2,4,2,4,2,1,"Texas A&M University - College Station",2000,NA,NA,NA,NA,1,1,NA,"nonbinary",0,0,0,0,0,0,0,0,0,0,0,0,0,1,0,0,0,0,0,NA,4,NA,0,37,NA,1,0,1,0,5,5.75,6,5.25,2,1.5,2,1.5
"152",409,7,7,1,7,1,"Medical","Medical assistant",7,7,1,7,1,0,1,1,1,5,5,4,2,1,2,0,5,1,5,1,1,4,2,"Everest college",1988,NA,1,NA,NA,NA,NA,NA,NA,0,0,0,0,0,1,0,0,0,0,0,0,0,0,0,0,0,0,0,NA,2,NA,0,23,NA,0,1,1,0,7,7,7,7,1,3,1,3
"153",234,7,6,2,5,2,"sociology","Social issues and prod",4,4,3,5,1,0,2,3,3,3,2,3,3,1,1,2,4,3,3,2,4,3,2,"western carolina university",2003,NA,NA,1,NA,NA,NA,NA,NA,0,0,0,0,0,0,0,0,0,0,0,0,0,1,0,0,0,0,0,NA,1,NA,0,37,NA,1,0,1,0,6,6,5,4.5,2.5,3,2.5,2.5
"154",468,6,6,2,6,1,"LANG 201","Language in a Multicultural Setting",6,6,2,6,2,0,1,2,1,3,2,2,3,2,1,0,2,1,2,2,2,2,2,"CUNY School of Professional Studies",2001,1,NA,NA,NA,NA,NA,NA,NA,0,0,0,0,0,0,0,0,0,0,0,0,0,1,0,0,0,0,0,NA,3,NA,0,35,NA,0,0,1,0,6,6,6,6,1.5,2.5,1.5,2
"155",249,6,6,2,6,2,"ENGL-1302","English Composition 2",6,6,2,6,1,0,1,1,4,4,4,2,1,1,1,0,4,1,4,2,4,2,2,"Temple",1985,NA,1,NA,NA,NA,NA,NA,NA,0,0,0,0,0,0,0,0,0,0,0,0,0,1,0,0,0,0,0,NA,4,NA,0,23,NA,0,1,1,0,6,6,6,6,1,1.5,1.5,2
"156",551,7,7,1,7,1,"Engineering","Autodesk for Mechanical Engineering",7,7,1,7,1,0,2,2,5,5,5,2,2,1,1,0,5,2,5,2,5,2,2,"University of Phoenix",1996,NA,1,NA,NA,NA,NA,NA,NA,0,0,0,0,0,0,0,0,0,0,0,0,0,1,0,0,0,0,0,NA,3,NA,0,37,"Nope",0,1,1,0,7,7,7,7,2,2,2,2
"157",276,6,6,2,6,2,"College of Science","Biological Physiology",6,6,2,6,2,2,2,2,3,4,4,2,2,2,2,2,4,2,2,3,3,2,2,"San Jose State University",1999,NA,1,NA,NA,NA,NA,NA,NA,0,0,1,0,0,0,0,0,0,0,0,0,0,0,0,0,0,0,0,NA,4,NA,0,36,NA,0,1,1,0,6,6,6,6,2,2,2.5,2
"158",336,6,6,3,6,2,"writing","interdisciplinary approaches to writing",6,6,3,5,3,2,2,2,4,4,4,5,4,2,2,5,4,2,4,3,4,4,3,"Purdue University",2003,1,NA,NA,NA,NA,NA,NA,NA,0,0,0,0,0,0,0,0,0,0,0,0,0,1,0,0,0,0,0,NA,1,NA,0,34,NA,0,0,1,0,5,5.75,5,5.5,2,4.5,2.5,3.5
"159",123,5,5,5,6,3,"Mathematcs","Discrete Math",6,6,2,6,2,1,2,1,4,3,4,2,2,1,0,NA,3,2,3,2,3,2,1,"DePaul University",2001,NA,1,NA,NA,NA,NA,NA,NA,0,0,0,1,0,0,0,0,0,0,0,0,0,0,0,0,0,0,0,NA,3,NA,0,35,NA,0,1,1,0,3,4.75,6,6,1.5,2,2,1.5
"160",156,6,6,2,6,3,"English","Introduction to College Writing",3,2,6,2,3,1,2,2,2,2,2,2,3,1,0,NA,2,2,2,2,2,3,3,"johnson and wales university",2001,NA,1,NA,NA,NA,NA,NA,NA,0,0,0,0,0,0,0,0,0,0,0,0,0,1,0,0,0,0,0,NA,1,NA,0,37,NA,0,1,1,0,6,6,2,2.25,2,2.5,2,3
"161",192,7,7,1,7,1,"elective","healthy lifestyles",6,6,1,6,1,2,3,3,4,4,5,2,2,3,0,NA,5,1,4,1,5,2,3,"mid michigan college",2002,1,NA,NA,NA,NA,NA,NA,NA,0,0,0,0,0,0,0,0,0,0,0,0,0,1,0,0,0,0,0,NA,2,NA,0,36,NA,0,0,1,0,7,7,7,6.25,3,2,1,2.5
"162",227,6,4,5,6,3,"Spanish","Topics in the Cultures of the Americas",6,6,2,4,2,0,2,2,2,3,2,1,2,2,0,NA,2,1,3,2,2,1,1,"Pennsylvania State University",2001,1,NA,NA,NA,NA,NA,NA,NA,0,0,0,0,0,0,0,0,0,0,0,0,0,1,0,0,0,0,0,NA,3,NA,0,36,"nice layout of gender and race question options",0,0,1,0,3,4.75,6,5.5,2,1.5,1.5,1
"163",393,4,4,5,4,3,"english","jane austen",6,6,2,6,2,0,2,2,3,4,3,3,2,1,1,0,4,3,4,3,4,2,3,"thomas edison state university",1973,NA,1,NA,NA,NA,NA,NA,NA,0,0,0,0,0,0,0,0,0,0,0,0,0,1,0,0,0,0,0,NA,4,NA,0,23,NA,0,1,1,0,3,3.75,6,6,2,2.5,3,2.5
"164",124,4,4,5,5,3,"Humanities","Literature of Self",4,5,2,5,2,0,3,3,4,4,4,2,2,1,0,NA,2,2,2,1,4,1,2,"SVA",1998,1,NA,NA,NA,NA,NA,NA,NA,0,0,0,0,0,0,0,0,0,0,0,0,0,1,0,0,0,0,0,NA,4,NA,0,37,NA,0,0,1,0,3,4,6,5,3,2,1.5,1.5
"165",219,5,4,5,4,3,"Psychology","Psych Fundamentals",3,3,5,4,3,0,1,1,2,2,2,2,2,1,1,0,2,1,1,1,1,2,2,"University of California, Irvine",1999,1,NA,NA,NA,NA,NA,NA,NA,0,0,1,0,0,0,0,0,0,0,0,0,0,0,0,0,0,0,0,NA,3,NA,0,NA,"None",0,0,1,0,3,4,3,3.25,1,2,1,2
"166",187,7,7,2,7,2,"PSY 446","Health pyschology",6,6,2,6,2,2,4,4,4,4,4,4,4,1,0,NA,2,3,2,3,3,3,3,"university of illinois at springfield",2000,1,NA,NA,NA,NA,NA,NA,NA,0,0,0,0,0,0,0,0,0,0,0,0,0,1,0,0,0,0,0,NA,3,NA,0,34,NA,0,0,1,0,6,6.75,6,6,4,4,3,3
"167",127,3,3,6,3,4,"Biology","Physiology",5,4,3,2,3,2,2,2,2,2,1,2,2,3,0,NA,3,1,2,1,2,1,1,"UC Davis",2001,1,NA,NA,NA,NA,NA,NA,NA,0,0,1,0,0,0,0,0,0,0,0,0,0,0,0,0,0,0,0,NA,3,NA,0,34,NA,0,0,1,0,2,2.75,5,4,2,2,1,1
"168",236,6,5,3,5,3,"Anthropology","The anthropology of language",5,4,4,5,3,1,3,3,3,3,3,2,2,1,1,1,2,3,3,4,3,3,3,"UCR",2003,NA,1,NA,NA,NA,NA,NA,NA,0,0,0,0,0,0,0,1,0,0,0,0,0,0,0,0,0,0,0,NA,1,NA,0,34,NA,0,1,1,0,5,5.25,4,4.5,3,2,3.5,3
"169",299,6,6,2,6,1,"Federal Government","GOVT-2305",4,4,4,7,1,0,1,1,4,4,4,2,2,2,0,NA,3,2,3,2,4,2,2,"Lone Star College",2000,NA,1,NA,NA,NA,NA,NA,NA,0,0,0,0,0,0,0,0,0,0,0,0,0,0,0,0,0,0,1,NA,1,NA,1,37,NA,0,1,0,0,6,6,4,4.75,1,2,2,2
"170",379,6,6,2,6,3,"psychology","child growth and development",6,6,2,6,3,1,2,2,3,4,2,3,4,1,1,0,3,2,3,2,3,2,4,"college of lake county",2002,1,NA,NA,NA,NA,NA,NA,NA,0,0,0,0,0,0,0,0,0,0,0,0,0,0,0,1,0,0,0,NA,1,NA,0,36,NA,0,0,1,0,6,6,6,6,2,3.5,2,3
"171",380,5,5,3,4,3,"Psychology","Intro to Disability Studies",3,3,4,3,3,1,2,2,3,3,3,2,2,2,0,NA,3,2,3,2,3,2,2,"Umass Lowell",1999,1,NA,NA,NA,NA,NA,NA,NA,0,0,0,0,0,0,0,0,0,0,0,0,0,1,0,0,0,0,0,NA,4,NA,0,37,"One of the questions did not have a somewhat agree response and instead had two somewhat disagree responses",0,0,1,0,5,4.75,4,3.25,2,2,2,2
"172",501,4,3,5,6,3,"Early Childhood Elementary Education","Infant/Toddler Mental Health",5,5,3,3,2,1,1,1,2,2,2,5,4,1,0,NA,4,2,3,2,3,1,2,"Ohio University",2002,1,NA,NA,NA,NA,NA,NA,NA,0,0,0,0,0,0,0,0,0,0,0,0,0,1,0,0,0,0,0,NA,2,NA,0,35,NA,0,0,1,0,3,4,5,4.5,1,4.5,2,1.5
"173",186,6,6,2,6,2,"Accounting","Auditing",6,6,2,6,1,1,2,1,4,4,4,2,2,2,2,1,5,4,5,4,5,2,2,"Millersville University",2001,1,NA,NA,NA,NA,NA,NA,NA,0,0,0,0,0,0,0,0,0,0,0,0,0,1,0,0,0,0,0,NA,2,NA,0,36,NA,0,0,1,0,6,6,6,6,1.5,2,4,2
"174",945,5,5,4,5,3,"Mathematics","College Algebra",4,4,4,3,4,0,1,1,2,2,2,1,1,2,0,NA,3,1,3,2,3,1,1,"Florida International University",2002,NA,1,NA,NA,NA,NA,NA,NA,0,0,0,0,0,0,0,0,1,0,0,0,0,0,0,0,0,0,0,NA,2,NA,0,34,NA,0,1,1,0,4,4.75,4,3.75,1,1,1.5,1
"175",297,4,4,5,5,2,"Sociology","Modern Social Problems",4,4,5,5,2,1,2,2,4,4,5,2,2,2,0,NA,5,2,4,2,5,2,2,"Baker College",1990,NA,NA,NA,NA,1,NA,NA,NA,0,0,0,0,0,0,0,0,0,0,0,0,0,1,0,0,0,0,0,NA,1,NA,0,23,NA,1,0,1,0,3,4,3,4,2,2,2,2
"176",238,5,6,2,5,3,"Psychology","Child development",5,5,3,6,2,0,1,1,2,2,2,2,1,2,0,NA,4,1,4,1,4,2,1,"Utah state university",2001,1,NA,NA,NA,NA,NA,NA,NA,0,0,0,0,0,0,0,0,0,0,0,0,0,1,0,0,0,0,0,NA,3,NA,0,37,NA,0,0,1,0,6,5.5,5,5.25,1,1.5,1,1.5
"177",197,6,6,2,6,1,"ACCT","4320",6,6,2,6,1,0,1,1,3,3,3,4,1,1,1,0,3,1,3,1,3,4,1,"University of Houston - Victoria",1998,1,NA,NA,NA,NA,NA,NA,NA,0,0,0,0,0,0,0,0,0,0,0,0,0,0,1,0,0,0,0,NA,4,NA,0,23,NA,0,0,1,0,6,6,6,6,1,2.5,1,2.5
"178",499,5,5,3,5,2,"English","ENG 112",6,6,2,6,2,0,2,3,3,4,3,4,4,1,1,0,3,3,3,3,4,4,3,"Forsyth Tech",2000,1,NA,NA,NA,NA,NA,NA,NA,0,0,0,0,0,0,0,0,0,0,0,0,0,1,0,0,0,0,0,NA,2,NA,0,35,NA,0,0,1,0,5,5,6,6,2.5,4,3,3.5
"179",368,5,5,3,5,2,"Romance Languages","Spanish 232",6,6,2,6,2,0,5,5,4,4,3,4,5,3,1,0,4,4,4,5,4,4,4,"University of Michigan",2002,1,NA,NA,NA,NA,NA,NA,NA,0,0,0,0,0,0,0,0,0,0,0,0,0,1,0,0,0,0,0,NA,2,NA,0,37,NA,0,0,1,0,5,5,6,6,5,4.5,4.5,4
"180",285,6,6,3,6,3,"Chinese","Chinese 102",6,6,3,6,2,0,4,4,4,3,4,5,5,2,1,0,3,4,3,4,3,4,4,"Purdue University",2002,1,NA,NA,NA,NA,NA,NA,NA,0,0,0,0,0,0,0,0,0,0,0,0,0,1,0,0,0,0,0,NA,3,NA,0,37,NA,0,0,1,0,5,5.75,5,5.75,4,5,4,4
"181",279,5,6,2,6,2,"Music","Intro to Music",6,6,2,7,1,0,2,2,2,2,3,3,2,1,1,0,3,1,2,1,2,3,2,"Cape Fear Community College",2000,1,NA,NA,NA,NA,NA,NA,NA,0,0,0,0,0,0,0,0,0,0,0,0,0,1,0,0,0,0,0,NA,3,NA,0,35,NA,0,0,1,0,6,5.75,6,6.25,2,2.5,1,2.5
"182",199,2,2,6,2,4,"Chemistry","CHEM 3B",2,2,6,1,4,0,1,1,1,1,1,5,5,2,2,0,1,1,1,1,1,5,5,"University of Irvine",1997,NA,NA,NA,NA,1,NA,NA,NA,0,1,0,0,0,0,0,0,0,0,0,0,0,0,0,0,0,0,0,NA,2,NA,0,23,NA,1,0,1,0,2,2,2,1.75,1,5,1,5
"183",232,6,6,2,5,3,"business admin","accounting",6,5,2,5,3,2,2,2,3,3,3,3,3,1,0,NA,4,4,4,3,3,4,3,"lccc",1997,NA,1,NA,NA,NA,NA,NA,NA,0,0,0,0,0,0,0,0,0,0,0,0,0,1,0,0,0,0,0,NA,2,NA,0,36,NA,0,1,1,0,6,5.75,6,5.5,2,3,3.5,3.5
"184",788,6,6,2,6,2,"Engineering","Biofluids",5,6,2,5,3,1,1,1,2,2,3,1,1,1,2,1,3,1,1,1,3,1,1,"University of Florida",1999,NA,1,NA,NA,NA,NA,NA,NA,0,0,0,0,0,0,0,0,0,0,0,0,0,1,0,0,0,0,0,NA,4,NA,0,36,NA,0,1,1,0,6,6,6,5.5,1,1,1,1
"185",137,7,7,5,6,3,"Psychology","Developmental Psychology",6,5,2,6,2,3,2,3,4,4,4,5,3,2,2,4,4,3,4,3,4,2,3,"Knox",2000,1,NA,NA,NA,NA,NA,NA,NA,0,0,0,0,0,0,0,0,0,0,0,0,0,1,0,0,0,0,0,NA,4,NA,0,37,NA,0,0,1,0,3,5.75,6,5.75,2.5,4,3,2.5
"186",130,1,1,7,3,5,"Medicine","120",5,5,2,5,2,0,3,3,2,3,3,3,3,1,1,0,2,3,2,3,2,3,3,"Stanford University",1993,1,NA,NA,NA,NA,NA,NA,NA,0,0,0,0,0,0,0,0,0,0,0,0,0,1,0,0,0,0,0,NA,4,NA,0,35,NA,0,0,1,0,1,1.5,6,5.25,3,3,3,3
"187",284,5,6,2,6,3,"Environmental Policy","US Environmental Law",6,6,2,6,2,3,2,2,4,3,3,2,2,1,1,5,5,3,5,3,3,2,2,"University of Puget Sound",2000,1,NA,NA,NA,NA,NA,NA,NA,0,0,0,0,0,0,0,0,0,0,0,0,0,1,0,0,0,0,0,NA,4,NA,0,34,NA,0,0,1,0,6,5.75,6,6,2,2,3,2
"188",185,6,6,4,6,2,"Liberal Studies (Elementary Education)","Education and Global Issues",7,7,2,6,1,5,3,3,4,4,5,4,3,1,0,NA,5,3,5,5,5,3,3,"Loyola Marymount University",2001,1,NA,NA,NA,NA,NA,NA,NA,0,0,0,0,0,0,0,0,0,0,0,0,0,1,0,0,0,0,0,NA,3,NA,0,37,NA,0,0,1,0,4,5.5,6,6.5,3,3.5,4,3
"189",529,6,7,2,6,2,"STEM","Software Development",7,6,1,7,1,2,4,3,3,4,5,3,4,1,1,0,5,4,4,4,4,3,4,"UNCC",2000,NA,1,NA,NA,NA,NA,NA,NA,0,0,0,0,0,0,0,0,0,0,0,0,0,1,0,0,0,0,0,NA,3,NA,0,36,NA,0,1,1,0,6,6.25,7,6.75,3.5,3.5,4,3.5
"190",191,4,5,6,5,3,"Biology","Biochemistry",3,4,6,3,4,1,1,1,4,3,3,2,2,2,1,1,4,2,3,1,4,2,2,"DePaul University",2000,1,NA,NA,NA,NA,NA,NA,NA,0,0,0,1,0,0,0,0,0,0,0,0,0,0,0,0,0,0,0,NA,4,NA,0,37,NA,0,0,1,0,2,4,2,3,1,2,1.5,2
"191",307,7,7,1,7,2,"Biology","Human anatomy and physiology",7,7,1,6,2,2,1,1,2,5,3,3,1,1,0,NA,3,1,3,1,3,2,1,"University of North Texas",1999,1,NA,NA,NA,NA,NA,NA,NA,0,0,0,0,0,1,0,0,0,0,0,0,0,0,0,0,0,0,0,NA,4,NA,0,22,NA,0,0,1,0,7,7,7,6.75,1,2,1,1.5
"192",200,5,6,4,5,4,"Environmental Science","Translating Environmental Science",7,7,2,7,1,4,4,4,4,3,4,5,3,2,1,2,5,5,5,5,4,3,3,"University of Arizona",2001,1,NA,NA,NA,NA,NA,NA,NA,0,0,0,0,0,0,0,0,0,0,0,0,0,1,0,0,0,0,0,NA,3,NA,0,36,NA,0,0,1,0,4,5,6,6.75,4,4,5,3
"193",220,6,6,2,6,2,"Pharmacy Technician","Pharmacy Technician",6,6,2,6,2,0,1,1,5,4,4,2,2,1,2,0,4,2,4,2,4,2,2,"rxtechexam",1976,NA,1,NA,NA,NA,NA,NA,NA,0,0,0,0,0,0,0,0,0,0,0,0,0,1,0,0,0,0,0,NA,2,NA,0,34,NA,0,1,1,0,6,6,6,6,1,2,2,2
"194",120,3,4,5,2,4,"Psychology","PSYCH 100",5,5,3,4,3,0,2,3,3,4,3,2,2,2,0,NA,3,2,2,2,3,2,3,"UCSD",2000,1,NA,NA,NA,NA,NA,NA,NA,0,0,1,0,0,0,0,0,0,0,0,0,0,0,0,0,0,0,0,NA,4,NA,0,36,NA,0,0,1,0,3,3,5,4.75,2.5,2,2,2.5
"195",188,5,5,5,5,3,"Child and Adolescent Development","Social Policy in Childhood and Adolescence",7,6,5,7,2,2,2,2,5,3,5,2,3,2,1,1,3,3,3,2,5,2,2,"California State University San Marcos",2000,1,NA,NA,NA,NA,NA,NA,NA,0,0,0,0,0,0,0,0,0,0,0,0,0,1,0,0,0,0,0,NA,4,NA,0,37,NA,0,0,1,0,3,4.5,3,5.75,2,2.5,2.5,2
"196",385,7,7,1,7,2,"Ma management","Medical office procedures",7,7,1,7,2,0,5,5,4,5,5,4,4,1,2,0,5,5,5,5,5,5,3,"The college of health care professions",2002,1,NA,NA,NA,NA,NA,NA,NA,0,0,0,0,0,1,0,0,0,0,0,0,0,0,0,0,0,0,0,NA,1,NA,0,34,NA,0,0,1,0,7,7,7,7,5,4,5,4
"197",226,5,6,4,6,2,"Stats","Stats 108",5,5,3,6,2,1,2,2,3,3,3,3,3,2,0,NA,3,3,3,2,4,3,3,"California State University Long Beach",1998,1,NA,NA,NA,NA,NA,NA,NA,0,0,0,0,0,1,0,0,0,0,0,0,0,0,0,0,0,0,0,NA,4,NA,0,36,NA,0,0,1,0,4,5.25,5,5.25,2,3,2.5,3
"198",215,3,3,5,2,4,"psychology","psy360",3,3,5,3,4,0,3,3,1,1,1,2,3,1,0,NA,1,3,1,3,1,3,3,"arizona state university",2002,1,NA,NA,NA,NA,NA,NA,NA,0,0,0,0,0,0,0,0,0,0,0,0,0,1,0,0,0,0,0,NA,2,NA,0,36,NA,0,0,1,0,3,2.75,3,3,3,2.5,3,3
"199",206,6,6,2,6,2,"Finance","Finance 303",5,6,2,5,3,0,1,1,1,1,1,2,1,1,0,NA,3,1,1,2,2,2,2,"California State University Northridge",2002,1,NA,NA,NA,NA,NA,NA,NA,0,0,0,0,0,0,0,0,1,0,0,0,0,0,0,0,0,0,0,NA,2,NA,0,34,NA,0,0,1,0,6,6,6,5.5,1,1.5,1.5,2
"200",238,4,7,3,5,1,"Psychology","Cultural Psych",7,7,1,7,1,1,4,4,4,4,4,2,3,2,1,1,5,4,4,5,4,3,3,"University of Washington",2000,1,NA,NA,NA,NA,NA,NA,NA,0,0,0,0,0,0,0,0,0,0,0,0,0,1,0,0,0,0,0,NA,4,NA,0,37,"N/A",0,0,1,0,5,5.25,7,7,4,2.5,4.5,3
"201",449,5,5,3,6,2,"Political Science","Late Modern Political Theory",6,6,2,7,1,0,1,2,2,2,3,2,3,1,0,NA,2,1,2,1,2,1,1,"UCLA",2000,NA,1,NA,NA,NA,NA,NA,NA,0,0,0,0,0,1,0,0,0,0,0,0,0,0,0,0,0,0,0,NA,4,NA,0,22,NA,0,1,1,0,5,5.25,6,6.25,1.5,2.5,1,1
"202",300,6,4,5,3,3,"Psychology","Developmental psychology",5,4,4,5,2,0,1,1,2,2,2,2,1,1,1,0,3,2,2,2,3,2,1,"Auburn University of Montgomery",1984,1,NA,NA,NA,NA,NA,NA,NA,0,0,0,0,0,0,0,0,0,0,0,0,0,0,0,1,0,0,0,NA,3,NA,0,34,NA,0,0,1,0,3,4,4,4.5,1,1.5,2,1.5
"203",252,4,4,3,4,2,"Creative Writing","Introduction to Short Story",4,4,3,4,2,0,2,2,3,3,3,2,2,2,0,NA,3,2,3,2,3,2,2,"San Francisco State University",1989,1,NA,NA,NA,NA,NA,NA,NA,0,0,1,0,0,0,0,0,0,0,0,0,0,0,0,0,0,0,0,NA,5,NA,0,34,NA,0,0,1,0,5,4.25,5,4.25,2,2,2,2
"204",409,6,6,2,5,3,"Industrial Engineering","Introduction to Operations Research",6,6,3,6,3,3,3,3,3,3,3,2,3,1,1,2,3,3,3,4,3,2,2,"Purdue University",2000,NA,1,NA,NA,NA,NA,NA,NA,0,1,0,0,0,0,0,0,0,0,0,0,0,0,0,0,0,0,0,NA,4,NA,0,37,"N/A",0,1,1,0,6,5.75,5,5.75,3,2.5,3.5,2
"205",311,3,3,5,3,3,"Structural Engineering","Design of Civil Structures II",3,3,5,4,3,0,1,2,3,2,3,2,1,1,1,0,3,1,2,1,3,1,1,"University of California, San Diego",2000,1,NA,NA,NA,NA,NA,NA,NA,0,1,0,0,0,0,0,0,0,0,0,0,0,0,0,0,0,0,0,NA,4,NA,0,23,NA,0,0,1,0,3,3,3,3.25,1.5,1.5,1,1
"206",569,7,5,3,4,3,"COM SCI","32",5,5,3,4,3,2,1,1,2,2,2,1,1,2,1,2,3,2,3,3,2,2,2,"UCLA",2001,NA,1,NA,NA,NA,NA,NA,NA,0,0,1,0,0,0,0,0,0,0,0,0,0,0,0,0,0,0,0,NA,3,NA,0,37,NA,0,1,1,0,5,5.25,5,4.75,1,1,2.5,2
"207",245,4,3,6,3,3,"Nursing","Advancing pedeatric",3,3,6,4,3,1,2,2,1,2,2,1,2,1,0,NA,2,2,2,2,2,1,2,"University of Maryland, Baltimore",1999,NA,1,NA,NA,NA,NA,NA,NA,0,1,0,0,0,0,0,0,0,0,0,0,0,0,0,0,0,0,0,NA,4,NA,0,34,NA,0,1,1,0,2,3,2,3,2,1.5,2,1.5
"208",683,6,5,5,3,4,"Social","Social science",5,4,4,4,4,0,3,3,2,3,2,4,4,2,0,NA,2,4,3,5,2,3,5,"Southern New Hampshire University",1984,1,NA,NA,NA,NA,NA,NA,NA,1,0,0,0,0,0,0,0,0,0,0,0,0,0,0,0,0,0,0,NA,1,NA,0,23,"I just started back to school and everything is so confusing I got confused on what the course department meant. I mean it's alot, and I'm trying my best",0,0,1,0,3,4.25,4,4.25,3,4,4.5,4
"209",258,7,7,1,7,1,"UAGC","Information literacy",7,7,1,7,1,0,1,2,4,5,5,2,4,1,0,NA,5,2,5,4,4,4,4,"UAGC",1990,NA,1,NA,NA,NA,NA,NA,NA,0,0,0,0,0,0,0,0,0,0,0,0,0,1,0,0,0,0,0,NA,3,NA,0,36,NA,0,1,1,0,7,7,7,7,1.5,3,3,4
"210",230,5,5,2,5,2,"Health","Precision Nutrition",6,6,1,6,2,0,1,1,2,3,3,2,2,1,1,0,2,2,3,2,3,2,2,"Integrative Nutrition",1991,1,NA,NA,NA,NA,NA,NA,NA,0,0,0,0,0,0,0,0,0,0,0,0,0,0,1,0,0,0,0,NA,1,NA,0,34,NA,0,0,1,0,6,5.25,7,6.25,1,2,2,2
"211",433,7,6,3,6,1,"Psychology","Identity and Diversity",5,3,6,6,2,0,2,2,2,2,2,2,4,1,1,0,4,4,4,3,4,2,2,"Indiana University of Pennsylvania",1986,NA,1,NA,NA,NA,NA,NA,NA,0,0,0,0,0,0,0,0,0,0,0,0,0,1,0,0,0,0,0,NA,1,NA,0,23,"To clarify, I'm a non-traditional student and also one of three males in a class that mainly consists of females. I'm afraid to share my options because I'm unsure how theyll be interpreted.",0,1,1,0,5,6,2,4,2,3,3.5,2
"212",186,6,6,3,6,2,"Criminal Justice","Dynamics of Human Behavior",3,3,5,3,3,2,1,2,2,2,2,2,2,1,2,1,3,3,3,3,3,2,2,"Pensacola Christian College",2000,1,NA,NA,NA,NA,NA,NA,NA,0,0,0,0,0,0,0,0,0,0,0,0,0,1,0,0,0,0,0,NA,3,NA,0,37,NA,0,0,1,0,5,5.75,3,3,1.5,2,3,2
"213",263,4,2,6,4,4,"ENG","Intro to Physics",5,6,2,5,2,1,2,3,3,4,4,3,5,1,0,NA,4,2,4,3,4,5,5,"Lawrance Tech.",1994,NA,1,NA,NA,NA,NA,NA,NA,0,0,0,0,0,0,0,0,0,0,0,0,0,1,0,0,0,0,0,NA,3,NA,0,35,"N.a",0,1,1,0,2,3,6,5.5,2.5,4,2.5,5
"214",289,6,6,5,6,3,"English","Communications",6,5,6,6,2,0,3,3,3,3,4,3,3,3,1,0,4,2,4,4,4,3,3,"WKU",1999,NA,1,NA,NA,NA,NA,NA,NA,0,0,0,0,0,0,0,0,0,0,0,0,0,0,0,0,0,0,1,NA,3,NA,0,36,NA,0,1,0,0,3,5.25,2,4.75,3,3,3,3
"215",189,5,5,2,6,2,"Accounting","Ethics of Accounting",6,6,2,6,1,1,2,2,3,3,3,2,2,1,1,0,4,3,3,3,4,2,2,"Grand Valley State",1999,NA,1,NA,NA,NA,NA,NA,NA,0,0,0,0,0,0,0,0,0,0,0,0,0,1,0,0,0,0,0,NA,4,NA,0,36,NA,0,1,1,0,6,5.5,6,6,2,2,3,2
"216",187,7,7,1,7,1,"Media","Business of Media",7,7,1,7,1,2,4,3,4,4,4,2,5,2,2,0,5,4,4,4,4,5,5,"Ohio University",2003,1,NA,NA,NA,NA,NA,NA,NA,0,0,0,0,0,0,0,0,0,0,0,0,0,1,0,0,0,0,0,NA,1,NA,0,23,NA,0,0,1,0,7,7,7,7,3.5,3.5,4,5
"217",257,6,7,2,6,2,"Science Dept","Intro to Chem",6,7,2,6,2,0,2,2,3,4,4,4,3,1,1,0,4,2,3,2,4,3,3,"The University of Akron",2002,1,NA,NA,NA,NA,NA,NA,NA,0,0,0,0,0,0,0,0,0,0,0,0,0,1,0,0,0,0,0,NA,1,NA,0,36,NA,0,0,1,0,6,6.25,6,6.25,2,3.5,2,3
"218",178,6,5,5,5,3,"Math","Trigonometry",2,2,6,2,5,1,2,2,2,2,3,5,5,1,0,NA,3,2,3,2,2,5,2,"American University",1990,NA,1,NA,NA,NA,NA,NA,NA,0,0,0,0,0,0,0,0,0,0,0,0,0,1,0,0,0,0,0,NA,3,NA,0,37,NA,0,1,1,0,3,4.75,2,2,2,5,2,3.5
"219",198,6,6,2,6,1,"ASL","Linguistics of ASL",5,5,5,5,1,4,2,2,3,3,3,4,3,1,0,NA,3,2,4,2,3,4,3,"Purdue",2000,1,NA,NA,NA,NA,NA,NA,NA,0,0,0,0,0,0,0,0,0,0,0,0,0,1,0,0,0,0,0,NA,4,NA,0,37,"No",0,0,1,0,6,6,3,4.5,2,3.5,2,3.5
"220",356,1,2,3,1,5,"Philosophy","Topics in Philosophy (communication)",5,6,3,5,3,0,2,2,3,2,4,2,1,1,0,NA,3,1,3,1,4,1,2,"Rochester Institute of Technology",2000,NA,1,NA,NA,NA,NA,NA,NA,0,0,0,0,0,0,0,0,0,0,0,0,0,1,0,0,0,0,0,NA,4,NA,0,36,NA,0,1,1,0,5,2.25,5,5.25,2,1.5,1,1.5
"221",231,5,4,2,6,3,"Design","Publication design",4,5,6,6,3,2,2,2,4,4,4,3,3,2,1,2,4,2,4,2,3,3,3,"Queens College",2000,1,NA,NA,NA,NA,NA,NA,NA,0,0,0,0,0,0,0,0,0,0,0,0,0,1,0,0,0,0,0,NA,4,NA,0,23,NA,0,0,1,0,6,5.25,2,4.25,2,3,2,3
"222",243,5,5,4,5,3,"Computer Science","Web development",5,4,5,3,3,0,1,2,3,2,2,1,1,1,1,0,3,2,3,2,3,1,1,NA,1997,1,NA,NA,NA,NA,NA,NA,NA,0,0,0,0,0,0,0,0,0,0,0,0,0,1,0,0,0,0,0,NA,6,"Graduated college but taking a technical course",0,36,"College gives me anxiety :(",0,0,1,0,4,4.75,3,3.75,1.5,1,2,1
"223",151,4,4,7,5,4,"Computer Science","Data Structures",1,2,7,3,5,0,2,1,4,4,4,2,2,1,0,NA,4,2,4,2,4,2,2,"University of Rhode Island",1993,NA,1,NA,NA,NA,NA,NA,NA,0,0,0,0,0,0,0,0,0,0,0,0,0,1,0,0,0,0,0,NA,3,NA,0,23,NA,0,1,1,0,1,3.5,1,1.75,1.5,2,2,2
"224",246,6,4,4,5,3,"electrical and computer engineering","circuits and controls",5,6,2,5,2,0,1,1,2,3,2,2,1,1,1,0,2,1,3,1,2,2,1,"Kansas State University",2001,1,NA,NA,NA,NA,NA,NA,NA,0,0,0,0,0,0,0,0,0,0,0,0,0,1,0,0,0,0,0,NA,3,NA,0,37,NA,0,0,1,0,4,4.75,6,5.5,1,1.5,1,1.5
"225",293,5,5,1,5,1,"Allied Health","ALH 113",6,6,1,6,1,0,2,2,3,4,4,2,2,1,0,NA,5,2,3,3,3,2,2,"Sinclair Community College",1988,1,NA,NA,NA,NA,NA,NA,NA,0,0,0,0,0,0,0,0,0,0,0,0,0,1,0,0,0,0,0,NA,2,NA,0,23,"n/a",0,0,1,0,7,5.5,7,6.25,2,2,2.5,2
"226",184,3,3,5,3,5,"English","Eng 101",1,1,7,1,5,0,1,1,1,1,1,1,1,1,0,NA,1,1,1,1,1,1,1,"Rutgers",1991,NA,1,NA,NA,NA,NA,NA,NA,0,0,0,0,0,0,0,0,0,0,0,0,0,1,0,0,0,0,0,NA,5,NA,0,NA,NA,0,1,1,0,3,3,1,1,1,1,1,1
"227",360,5,5,7,4,3,"Business","Business MGMT",4,6,4,4,3,2,3,4,3,3,3,3,3,2,1,2,3,2,2,3,3,3,4,"The Citadel",1999,NA,1,NA,NA,NA,NA,NA,NA,0,0,0,0,0,0,0,0,0,0,0,0,0,1,0,0,0,0,0,NA,4,NA,0,36,NA,0,1,1,0,1,3.75,4,4.5,3.5,3,2.5,3.5
"228",343,7,7,1,7,1,"nursing","nursing colloquium",7,7,1,7,1,2,3,2,4,4,5,2,2,2,2,2,5,2,4,2,5,2,2,"county college of morris",1988,NA,1,NA,NA,NA,NA,NA,NA,0,0,0,0,0,0,0,0,1,0,0,0,0,0,0,0,0,0,0,NA,4,NA,0,34,NA,0,1,1,0,7,7,7,7,2.5,2,2,2
"229",431,7,5,4,7,2,"Herbal Academy","Intermediate Herbal Course",7,6,4,7,2,1,1,1,2,2,3,1,1,1,0,NA,2,1,1,1,1,1,1,"Herbal Academy",1994,1,NA,NA,NA,NA,NA,NA,NA,0,0,0,0,0,0,0,0,0,0,0,0,0,1,0,0,0,0,0,NA,1,NA,0,23,"thank you",0,0,1,0,4,5.75,4,6,1,1,1,1
"230",199,6,6,2,6,2,"Nursing","Dosage Calculation and Medical Terminology",7,7,1,7,1,2,1,3,2,2,3,2,2,1,1,1,2,2,2,2,3,2,2,"Auburn University",2002,1,NA,NA,NA,NA,NA,NA,NA,0,0,0,0,0,0,0,0,0,0,0,0,0,1,0,0,0,0,0,NA,2,NA,0,37,NA,0,0,1,0,6,6,7,7,2,2,2,2
"231",384,4,6,1,6,3,"BSCLNR","Medical Terminology",7,7,1,7,1,3,1,2,3,3,4,4,3,2,2,3,4,2,3,2,4,4,2,"Campbell University",2000,1,NA,NA,NA,NA,NA,NA,NA,0,0,0,0,0,0,0,0,0,0,0,0,0,1,0,0,0,0,0,NA,4,NA,0,35,NA,0,0,1,0,7,5.75,7,7,1.5,3.5,2,3
"232",250,6,6,2,6,2,"Relgion","REL202",3,3,5,3,3,0,1,1,2,3,2,2,3,1,1,0,2,1,3,3,2,2,3,"Syracuse University",1999,1,NA,NA,NA,NA,NA,NA,NA,0,0,0,0,0,0,0,0,0,0,0,0,0,1,0,0,0,0,0,NA,4,NA,0,37,NA,0,0,1,0,6,6,3,3,1,2.5,2,2.5
"233",199,3,3,5,5,4,"Geology","Geology of the Planets",5,5,5,6,2,0,2,1,2,3,3,1,1,1,0,NA,3,1,3,1,4,1,2,"Brigham Young University",2001,1,NA,NA,NA,NA,NA,NA,NA,0,0,0,0,0,0,0,0,0,0,0,0,0,1,0,0,0,0,0,NA,3,NA,0,36,NA,0,0,1,0,3,3.5,3,4.75,1.5,1,1,1.5
"234",252,5,6,3,6,2,"College of community innovation and education","social and emotional development of young children",6,7,2,6,1,0,3,3,4,4,4,3,3,3,1,0,5,3,4,3,5,2,3,"university of central florida",2001,1,NA,NA,NA,NA,NA,NA,NA,0,0,0,0,0,0,0,0,0,0,0,0,0,1,0,0,0,0,0,NA,3,NA,0,36,NA,0,0,1,0,5,5.5,6,6.25,3,3,3,2.5
"235",292,5,4,4,6,2,"Criminal Justic","Policing",5,5,3,6,2,3,4,3,2,3,3,4,3,2,1,2,4,2,4,3,3,2,3,"SNHU",1990,NA,NA,NA,NA,1,NA,NA,NA,0,0,0,0,0,0,0,0,0,0,0,0,0,1,0,0,0,0,0,NA,3,NA,0,34,NA,1,0,1,0,4,4.75,5,5.25,3.5,3.5,2.5,2.5
"236",222,5,5,3,6,2,"University of london","Computer Science",6,6,2,6,2,1,1,1,4,4,4,1,1,1,0,NA,3,1,4,1,4,1,1,"University of London",2001,1,NA,NA,NA,NA,NA,NA,NA,0,0,0,0,0,0,0,0,0,0,0,0,0,1,0,0,0,0,0,NA,2,NA,0,36,NA,0,0,1,0,5,5.25,6,6,1,1,1,1
"237",218,6,5,2,5,2,"Nursing","Transition to Nursing",7,7,1,7,1,4,2,1,3,3,3,1,2,2,1,5,4,2,3,2,3,4,2,"Cypress Community College",1994,1,NA,NA,NA,NA,NA,NA,NA,0,0,0,0,0,0,0,0,0,0,0,0,0,1,0,0,0,0,0,NA,4,NA,0,36,NA,0,0,1,0,6,5.5,7,7,1.5,1.5,2,3
"238",268,6,6,2,6,2,"Psychology","PSYCH 2111",6,6,2,6,2,0,4,4,3,3,3,3,3,2,2,0,3,5,4,4,3,5,5,"University of Virginia",2001,1,NA,NA,NA,NA,NA,NA,NA,0,0,0,0,0,0,0,0,0,0,0,0,0,1,0,0,0,0,0,NA,3,NA,0,37,NA,0,0,1,0,6,6,6,6,4,3,4.5,5
"239",374,5,3,5,3,3,"AHS","110",5,5,3,5,2,0,1,1,2,3,2,3,1,2,0,NA,3,1,2,1,3,2,1,"Grand Valley State University",2002,1,NA,NA,NA,NA,NA,NA,NA,0,0,0,0,0,0,0,0,0,0,0,0,0,1,0,0,0,0,0,NA,3,NA,0,37,NA,0,0,1,0,3,3.5,5,5,1,2,1,1.5
"240",543,6,6,2,6,2,"CIS","Ethical hacking",7,7,1,7,1,0,3,2,3,4,3,4,4,2,1,2,4,5,5,5,5,4,5,"Montgomery county community college",1989,1,NA,NA,NA,NA,NA,NA,NA,0,0,0,0,0,0,0,0,0,0,0,0,0,1,0,0,0,0,0,NA,3,NA,0,23,"No",0,0,1,0,6,6,7,7,2.5,4,5,4.5
"241",170,4,4,4,5,2,"Economics","ECON200",6,6,2,6,2,0,1,1,3,3,3,1,1,1,0,NA,4,1,3,1,4,1,1,"University of Maryland",2003,1,NA,NA,NA,NA,NA,NA,NA,0,1,0,0,0,0,0,0,0,0,0,0,0,0,0,0,0,0,0,NA,1,NA,0,37,NA,0,0,1,0,4,4.25,6,6,1,1,1,1
"242",165,6,5,2,5,3,"Nursing","Statistics",5,5,2,5,2,3,2,2,2,3,3,2,3,2,2,2,4,2,3,3,3,2,3,"Mercer University",2000,1,NA,NA,NA,NA,NA,NA,NA,0,1,0,0,0,0,0,0,0,0,0,0,0,0,0,0,0,0,0,NA,3,NA,0,34,NA,0,0,1,0,6,5.5,6,5.25,2,2.5,2.5,2.5
"243",175,6,6,5,7,1,"Marketing","Introduction to Marketing",4,2,4,5,2,0,1,1,1,1,1,1,1,1,1,0,3,1,3,1,3,1,1,"University of Houston",1999,NA,NA,NA,NA,1,NA,NA,NA,0,0,1,0,0,0,0,0,0,0,0,0,0,0,0,0,0,0,0,NA,4,NA,0,23,NA,1,0,1,0,3,5.5,4,3.75,1,1,1,1
"244",206,6,6,3,7,2,"Anthropology","Cultural Anthropology",7,7,6,7,3,0,4,4,5,5,5,1,1,3,2,0,5,5,5,5,5,1,1,"Columbus State Commmunity College",1995,NA,NA,NA,NA,1,NA,NA,NA,0,0,0,0,0,0,0,0,0,0,0,0,0,0,0,1,0,0,0,NA,2,NA,0,37,NA,1,0,1,0,5,6,2,5.75,4,1,5,1
"245",198,5,5,4,4,3,"English","1102",2,1,6,3,4,0,1,1,1,1,1,2,2,1,1,0,2,2,2,2,2,2,2,"University of Georgia",1998,NA,1,NA,NA,NA,NA,NA,NA,0,0,0,0,0,0,0,0,0,0,0,0,0,1,0,0,0,0,0,NA,4,NA,0,34,NA,0,1,1,0,4,4.5,2,2,1,2,2,2
"246",285,6,6,2,6,2,"Information Systems","Information Systems 4391 (Information Security)",7,7,1,7,1,3,1,1,2,3,2,2,2,1,2,2,4,2,3,2,4,2,2,"University of Texas Rio Grande Valley",2000,NA,1,NA,NA,NA,NA,NA,NA,0,0,0,0,0,1,0,0,0,0,0,0,0,0,0,0,0,0,0,NA,4,NA,0,36,NA,0,1,1,0,6,6,7,7,1,2,2,2
"247",263,4,4,5,6,1,"Kinesiology","Structural Kinesiology",6,6,2,6,1,2,3,3,3,3,3,2,3,2,0,NA,3,3,3,3,3,2,3,"Augusta University",1999,NA,1,NA,NA,NA,NA,NA,NA,0,0,0,0,0,0,0,0,0,0,0,0,0,1,0,0,0,0,0,NA,4,NA,0,35,NA,0,1,1,0,3,4.25,6,6,3,2.5,3,2.5
"248",324,6,6,2,6,2,"Computer Science","CSC 116 Intro to Java",6,6,2,6,1,2,2,2,4,4,4,3,3,2,1,2,4,2,4,2,4,3,3,"NCSU",1973,NA,1,NA,NA,NA,NA,NA,NA,0,0,0,0,0,0,0,0,0,0,0,0,0,1,0,0,0,0,0,NA,3,NA,0,36,"n/a",0,1,1,0,6,6,6,6,2,3,2,3
"249",215,7,6,2,6,2,"Psychology","Intro to Psychology",6,6,6,6,1,1,3,2,3,4,3,3,4,2,1,0,4,2,4,2,4,3,2,"University of Dayton",2000,NA,1,NA,NA,NA,NA,NA,NA,0,0,0,0,0,0,0,0,0,0,0,0,0,1,0,0,0,0,0,NA,4,NA,0,36,NA,0,1,1,0,6,6.25,2,5,2.5,3.5,2,2.5
"250",368,7,6,1,7,1,"education","Early Field Experience-Middle School",7,7,1,7,1,0,3,3,4,5,5,2,3,1,1,0,4,4,5,3,4,2,3,"northwestern university",1998,NA,1,NA,NA,NA,NA,NA,NA,0,0,0,0,0,0,0,0,0,0,0,0,0,1,0,0,0,0,0,NA,2,NA,0,34,NA,0,1,1,0,7,6.75,7,7,3,2.5,3.5,2.5
"251",523,7,7,1,7,2,"chemical engineering","heat and mass transfer",3,3,6,3,3,4,1,1,2,3,2,2,1,1,0,NA,3,2,2,3,3,2,2,"umass amherst",2000,NA,1,NA,NA,NA,NA,NA,NA,0,0,0,0,0,0,0,0,0,0,0,0,0,1,0,0,0,0,0,NA,4,NA,0,36,NA,0,1,1,0,7,7,2,2.75,1,1.5,2.5,2
"252",223,6,5,3,4,1,"Information Technologies","Advanced Java Programming",7,7,2,7,1,0,1,1,2,3,2,1,1,1,0,NA,3,1,3,1,3,1,1,"Durham Technical Community College",2003,NA,1,NA,NA,NA,NA,NA,NA,0,0,0,0,0,0,0,0,0,0,0,0,0,1,0,0,0,0,0,NA,1,NA,0,36,NA,0,1,1,0,5,5,6,6.75,1,1,1,1
"253",148,6,6,1,6,1,"Speech Language Pathology/Communicative Disorders","CD 485",7,7,1,7,1,5,2,2,5,5,5,2,2,1,0,NA,5,2,5,2,5,2,2,"CSU Northridge",1995,NA,1,NA,NA,NA,NA,NA,NA,0,0,1,0,0,0,0,0,0,0,0,0,0,0,0,0,0,0,0,NA,5,NA,0,37,NA,0,1,1,0,7,6.25,7,7,2,2,2,2
"254",147,7,7,1,7,1,"economics","microeconomics",7,7,1,7,1,2,2,2,4,3,3,2,2,1,1,1,4,2,4,2,4,2,2,"UNC-CH",2000,NA,1,NA,NA,NA,NA,NA,NA,0,0,0,0,0,0,0,0,0,0,0,0,0,1,0,0,0,0,0,NA,3,NA,0,36,NA,0,1,1,0,7,7,7,7,2,2,2,2
"255",131,3,4,4,6,2,"French","Intermediate French 2",2,2,6,2,4,0,2,2,2,3,3,2,2,3,0,NA,4,2,4,3,4,3,2,"University of Houston",1993,NA,1,NA,NA,NA,NA,NA,NA,0,0,0,0,0,0,0,0,0,0,0,0,0,1,0,0,0,0,0,NA,4,NA,0,36,NA,0,1,1,0,4,4.25,2,2,2,2,2.5,2.5
"256",761,4,3,7,4,5,"Computer Science","Intro to Computer Science",3,1,5,6,4,0,1,1,4,1,2,1,1,1,1,2,1,1,1,1,1,1,1,"NJCU",1997,NA,1,NA,NA,NA,NA,NA,NA,0,0,0,0,0,0,0,0,0,0,0,1,0,0,0,0,0,0,0,NA,4,NA,0,37,NA,0,1,1,0,1,3,3,3.25,1,1,1,1
"257",249,5,6,2,6,2,"Entomology","Entomology 101",3,4,3,5,2,0,1,1,1,2,2,2,1,1,0,NA,1,1,2,1,1,3,2,"Washington State University",1999,NA,1,NA,NA,NA,NA,NA,NA,0,0,0,0,0,0,0,0,0,0,0,0,0,1,0,0,0,0,0,NA,4,NA,0,36,NA,0,1,1,0,6,5.75,5,4.25,1,1.5,1,2.5
"258",136,6,6,5,4,2,"CSCI","5115",6,6,2,6,1,1,2,2,2,2,2,1,1,1,2,0,4,1,2,1,4,1,1,"University of Minnesota - Twin Cities",2001,NA,1,NA,NA,NA,NA,NA,NA,0,0,0,0,0,0,0,0,0,0,0,0,0,1,0,0,0,0,0,NA,4,NA,0,36,NA,0,1,1,0,3,4.75,6,6,2,1,1,1
"259",325,6,5,5,6,3,"Mathematics","Business Calculus",4,4,5,3,4,0,1,1,2,2,2,2,1,2,1,0,3,2,3,1,2,5,1,"California State University, Northridge",2000,NA,1,NA,NA,NA,NA,NA,NA,0,0,0,0,0,1,0,0,0,0,0,0,0,0,0,0,0,0,0,NA,3,NA,0,23,NA,0,1,1,0,3,5,3,3.5,1,1.5,1.5,3
"260",209,6,5,2,6,3,"Business","Accounting",6,6,2,6,2,3,2,2,4,3,5,1,1,1,2,1,4,3,4,3,5,1,1,"Alvernia",2002,NA,1,NA,NA,NA,NA,NA,NA,0,0,0,0,0,0,0,0,0,0,0,0,0,1,0,0,0,0,0,NA,1,NA,0,37,"No",0,1,1,0,6,5.75,6,6,2,1,3,1
"261",189,6,6,3,6,3,"management","Business",6,5,4,6,3,2,3,2,3,2,3,2,4,1,1,3,3,3,3,2,3,2,2,"Alvernia university",2003,NA,1,NA,NA,NA,NA,NA,NA,0,0,0,0,0,0,0,0,0,0,0,0,0,1,0,0,0,0,0,NA,1,NA,0,23,NA,0,1,1,0,5,5.75,4,5.25,2.5,3,2.5,2
"262",191,7,7,3,6,2,"Journalism","JRN 556",5,5,4,3,3,2,2,2,2,3,3,3,3,1,1,2,2,2,2,3,2,2,2,"Central Michigan University",1999,NA,1,NA,NA,NA,NA,NA,NA,0,0,0,0,0,0,0,0,0,0,0,0,0,1,0,0,0,0,0,NA,4,NA,0,34,NA,0,1,1,0,5,6.25,4,4.25,2,3,2.5,2
"263",500,6,6,3,7,2,"Marketing","Mobile Marketing",6,7,2,6,2,1,2,2,4,3,5,3,2,1,1,1,5,2,3,2,4,2,2,"DePaul University",2000,NA,1,NA,NA,NA,NA,NA,NA,0,0,0,0,0,0,0,0,0,0,0,0,0,1,0,0,0,0,0,NA,4,NA,0,36,"Nothing, thank you!",0,1,1,0,5,6,6,6.25,2,2.5,2,2
"264",268,2,2,6,5,5,"Business","Accounting 2102",5,3,5,3,4,0,1,1,2,1,2,1,2,1,1,0,4,2,1,2,1,3,3,"Georgia state university",2001,NA,1,NA,NA,NA,NA,NA,NA,0,0,0,0,0,0,0,0,0,0,1,0,0,0,0,0,0,0,0,NA,3,NA,0,34,"college aint for me",0,1,1,0,2,2.75,3,3.5,1,1.5,2,3
"265",221,6,6,3,5,2,"Political Science","International Relations",7,7,7,6,1,0,2,3,4,4,4,2,3,2,1,0,3,3,3,3,4,1,3,"West Chester University",1999,NA,1,NA,NA,NA,NA,NA,NA,0,0,0,0,0,0,0,0,0,0,0,0,0,1,0,0,0,0,0,NA,3,NA,0,34,NA,0,1,1,0,5,5.5,1,5.25,2.5,2.5,3,2
"266",187,5,4,5,5,2,"Psychology","Personality",5,3,5,3,3,0,1,1,1,1,1,1,1,1,0,NA,1,1,2,1,2,2,2,"Clemson University",2001,NA,1,NA,NA,NA,NA,NA,NA,0,0,0,0,0,0,0,0,0,0,0,0,0,1,0,0,0,0,0,NA,4,NA,0,34,NA,0,1,1,0,3,4.25,3,3.5,1,1,1,2
"267",247,5,5,5,6,3,"Psychology","Introduction to psychology",6,6,4,6,2,3,1,1,3,2,4,2,3,1,0,NA,4,2,1,1,2,4,3,"University of Pittsburgh",2003,NA,1,NA,NA,NA,NA,NA,NA,0,0,0,1,0,0,0,0,0,0,0,0,0,0,0,0,0,0,0,NA,1,NA,0,37,NA,0,1,1,0,3,4.75,4,5.5,1,2.5,1.5,3.5
"268",267,7,7,1,7,2,"Business","Marketing communications",7,7,1,7,1,2,2,3,4,4,5,3,3,1,2,2,5,4,4,5,5,4,4,"University of south Florida",2000,NA,1,NA,NA,NA,NA,NA,NA,0,0,0,0,0,0,0,0,0,0,0,0,0,1,0,0,0,0,0,NA,3,NA,0,37,NA,0,1,1,0,7,7,7,7,2.5,3,4.5,4
"269",305,6,5,4,6,3,"Computer Science","Software Engineering",6,6,3,5,3,2,3,2,3,3,3,2,2,3,0,NA,4,3,4,4,3,3,3,"Colgate",1999,NA,1,NA,NA,NA,NA,NA,NA,0,0,0,0,0,0,0,0,0,0,0,0,0,1,0,0,0,0,0,NA,4,NA,0,36,NA,0,1,1,0,4,5.25,5,5.5,2.5,2,3.5,3
"270",296,7,7,1,7,1,"Nutrition and Dietetics","General Nutrition (NUTR 244)",7,6,3,7,2,0,4,3,5,5,5,5,4,3,1,0,5,3,5,3,5,3,2,"Oregon State University",1996,NA,1,NA,NA,NA,NA,NA,NA,0,0,0,0,0,0,0,0,0,0,0,0,0,1,0,0,0,0,0,NA,4,NA,0,37,"I major in Physics so the only reason I'm uncomfortable in this hybrid (half online) course is that it's not near my study. Thank you!",0,1,1,0,7,7,5,6.25,3.5,4.5,3,2.5
"271",228,6,6,2,6,2,"Nursing","Microbiology",7,7,1,6,2,2,2,2,4,4,3,2,4,2,2,0,4,2,4,2,4,3,3,"College of Eastern Idaho",1994,NA,1,NA,NA,NA,NA,NA,NA,0,0,0,0,0,0,0,1,0,0,0,0,0,0,0,0,0,0,0,NA,2,NA,0,23,NA,0,1,1,0,6,6,7,6.75,2,3,2,3
"272",159,5,5,2,6,3,"Physical Therapy Assistant","Disabilities 1",6,6,2,7,2,5,3,4,3,3,2,2,2,1,2,5,4,3,4,3,4,2,2,"Broward College",1998,NA,1,NA,NA,NA,NA,NA,NA,0,0,0,1,0,0,0,0,0,0,0,0,0,0,0,0,0,0,0,NA,1,NA,0,36,NA,0,1,1,0,6,5.5,6,6.25,3.5,2,3,2
"273",190,5,5,3,6,2,"Nursing","Nur 250",6,5,3,6,2,0,1,2,4,4,5,2,2,1,2,0,4,2,4,2,4,2,2,"Excelsior",1982,NA,1,NA,NA,NA,NA,NA,NA,0,0,0,0,0,0,0,0,0,0,0,0,0,1,0,0,0,0,0,NA,4,NA,0,23,NA,0,1,1,0,5,5.25,5,5.5,1.5,2,2,2
"274",293,6,6,2,6,3,"Philosophy","Ethics in Nursing",6,6,2,6,2,5,4,4,4,4,4,3,3,2,0,NA,5,4,5,5,5,4,4,"Seattle Central College",2000,NA,1,NA,NA,NA,NA,NA,NA,0,0,0,0,0,0,0,0,0,0,0,0,0,1,0,0,0,0,0,NA,3,NA,0,36,"Thanks for the opportunity.",0,1,1,0,6,6,6,6,4,3,4.5,4
"275",170,6,5,4,5,3,"Communication Studies","Theory and Pop Culture",4,3,5,4,3,2,2,2,4,3,4,3,5,1,0,NA,3,4,4,3,3,5,5,"Loyola Marymount University",2000,NA,1,NA,NA,NA,NA,NA,NA,0,0,0,0,0,0,0,0,0,0,0,0,0,1,0,0,0,0,0,NA,4,NA,0,37,NA,0,1,1,0,4,5,3,3.5,2,4,3.5,5
"276",214,4,4,6,6,2,"Business","FN 350-QL Investments",5,5,3,6,2,0,2,1,3,3,4,2,2,1,0,NA,2,2,2,2,4,2,3,"University of Alabama at Birmingham",1991,NA,1,NA,NA,NA,NA,NA,NA,0,0,0,0,0,0,0,0,0,0,0,0,0,1,0,0,0,0,0,NA,4,NA,0,35,NA,0,1,1,0,2,4,5,5.25,1.5,2,2,2.5
"277",219,6,6,2,6,2,"Criminal Justice","Data Analysis for Criminal Justice",6,5,2,5,3,2,1,1,2,3,2,2,3,3,1,2,3,3,3,3,3,2,3,"Rutgers University- Newark",2001,1,NA,NA,NA,NA,NA,NA,NA,0,0,0,0,0,0,0,0,0,1,0,0,0,1,0,0,0,0,0,NA,3,NA,0,37,NA,0,0,2,1,6,6,6,5.5,1,2.5,3,2.5
"278",180,6,6,2,6,3,"Computer Science","Web Design 2",6,6,1,7,2,0,2,2,3,3,2,2,2,2,1,0,4,3,4,2,3,3,2,"Ozark Technical Community College",1999,NA,1,NA,NA,NA,NA,NA,NA,0,0,0,0,0,0,1,0,0,1,0,0,0,0,0,0,0,0,0,NA,3,NA,0,34,NA,0,1,2,1,6,6,7,6.5,2,2,2.5,2.5
"279",296,4,6,2,6,2,"BMGT","Business ethics",5,5,2,5,1,2,1,1,1,2,1,2,2,1,0,NA,1,1,2,1,1,2,2,"Tcc",2000,1,NA,NA,NA,NA,NA,NA,NA,0,0,0,0,0,0,0,0,0,1,1,0,0,0,0,0,0,0,0,NA,4,NA,0,36,"No.",0,0,2,1,6,5.5,6,5.25,1,2,1,2
"280",329,6,5,4,5,4,"Psychology","Women's Mental Health",6,6,2,7,2,0,2,2,2,1,3,2,2,1,1,0,2,2,3,2,3,2,1,"University of Central Florida",1999,1,NA,NA,NA,NA,NA,NA,NA,0,0,0,0,0,0,0,0,0,1,0,1,0,0,0,0,0,0,0,NA,4,NA,0,23,NA,0,0,2,1,4,5,6,6.25,2,2,2,1.5
"281",183,6,5,3,6,2,"HUMAN DEVELOPMENT","PSYCHOLOGOY101",6,6,1,6,1,0,2,2,2,3,3,3,4,2,1,0,3,2,3,2,1,1,2,"PURDUE UNIVERSITY",1994,1,NA,NA,NA,NA,NA,NA,NA,0,0,0,0,0,0,1,0,0,1,0,0,0,0,0,0,0,0,0,NA,2,NA,0,23,NA,0,0,2,1,5,5.5,7,6.25,2,3.5,2,1.5
"282",194,4,4,3,5,2,"health","medical terminology",6,6,2,5,2,0,2,2,3,3,3,1,2,1,1,0,4,3,5,2,4,1,2,"the university of texas at dallas",2001,1,NA,NA,NA,NA,NA,NA,NA,0,1,0,0,0,1,0,0,0,1,0,0,0,0,0,0,0,0,0,NA,3,NA,0,37,NA,0,0,3,1,5,4.5,6,5.75,2,1.5,2.5,1.5
"283",301,6,6,3,5,3,"college of agriculture","animal science 220",2,3,6,3,4,2,2,2,2,3,2,2,2,2,2,3,3,3,3,2,3,3,3,"cal state chico",2002,1,NA,NA,NA,NA,NA,NA,NA,0,0,0,0,0,0,0,0,0,1,0,0,0,0,0,0,1,0,0,NA,2,NA,0,23,NA,0,0,2,1,5,5.5,2,2.5,2,2,2.5,3
"284",753,6,7,1,7,1,"Technology","IT Support",7,7,1,7,1,0,1,2,3,4,3,2,2,2,2,0,4,1,4,2,4,2,2,"South university",1978,1,NA,NA,NA,NA,NA,NA,NA,1,0,0,0,0,0,0,0,0,1,0,0,0,0,0,0,0,0,0,NA,2,NA,0,35,NA,0,0,2,1,7,6.75,7,7,1.5,2,1.5,2
"285",633,5,5,7,4,4,"Bachelor of Interdisciplinary Studies","Programming with Java",7,6,2,6,3,0,1,2,3,2,4,2,2,1,0,NA,3,2,3,2,3,2,2,"University of Virginia",1996,NA,1,NA,NA,NA,NA,NA,NA,0,0,0,0,0,0,0,0,0,1,0,1,0,1,0,0,0,0,0,NA,3,NA,0,34,NA,0,1,3,1,1,3.75,6,6.25,1.5,2,2,2
"286",270,5,5,2,6,2,"Visual Communication & Design","Advertising and Design",6,5,3,6,2,1,2,2,3,4,3,3,2,1,1,0,4,2,4,2,4,2,2,"Cuyahoga Community Collage",1995,NA,1,NA,NA,NA,NA,NA,NA,0,0,0,0,0,0,0,0,0,1,0,0,0,1,0,0,0,0,0,NA,1,NA,0,36,"N/A",0,1,2,1,6,5.5,5,5.5,2,2.5,2,2
"287",345,4,4,5,5,3,"Rehabilitation and Health Services","Microcounseling",5,6,2,6,2,0,5,5,3,4,4,5,5,1,0,NA,3,3,4,2,4,2,2,"University of North Texas",1999,NA,1,NA,NA,NA,NA,NA,NA,0,0,0,0,0,0,0,0,0,1,1,0,0,0,0,0,0,0,0,NA,3,NA,0,23,NA,0,1,2,1,3,4,6,5.75,5,5,2.5,2
"288",282,2,5,2,6,2,"Film and TV","Film Production",4,5,2,6,2,0,2,2,3,4,4,2,5,1,0,NA,4,2,4,2,4,4,5,"LA FILM SCHOOL",2000,NA,1,NA,NA,NA,NA,NA,NA,0,0,0,0,0,0,0,0,0,1,1,0,0,0,0,0,0,0,0,NA,3,NA,0,36,NA,0,1,2,1,6,4.75,6,5.25,2,3.5,2,4.5
"289",164,6,6,2,6,2,"Spanish","Spanish Grammar",6,7,2,6,2,2,1,2,3,3,3,3,2,2,1,2,4,2,4,2,4,3,2,"Christopher Newport University",2001,1,NA,NA,NA,NA,NA,NA,NA,0,0,0,0,0,0,0,0,1,0,0,0,0,1,0,0,0,0,0,NA,3,NA,0,36,NA,0,0,2,1,6,6,6,6.25,1.5,2.5,2,2.5
"290",180,5,5,2,5,1,"Public Health","Issues in Environmental Health",5,6,2,5,1,0,2,3,3,3,3,2,1,2,1,0,4,4,4,3,5,2,1,"The Ohio State University",2000,1,NA,NA,NA,NA,NA,NA,NA,0,1,0,0,0,0,0,0,0,0,0,0,0,1,0,0,0,0,0,NA,3,NA,0,36,NA,0,0,2,1,6,5.25,6,5.5,2.5,1.5,3.5,1.5
"291",250,5,5,5,5,3,"Arts","Digital art & design for animation",3,3,4,6,2,2,3,3,2,3,3,5,4,1,0,NA,3,2,3,3,3,3,3,"DVC",2000,1,NA,NA,NA,1,NA,NA,NA,0,0,0,0,0,0,0,0,0,0,0,0,0,1,0,1,0,0,0,NA,6,"unsure",0,36,NA,1,0,2,1,3,4.5,4,4,3,4.5,2.5,3
"292",172,6,6,3,4,2,"Business","Business Law",5,4,5,3,3,2,1,1,2,2,1,2,2,1,0,NA,2,1,2,2,2,2,2,"university of tennessee",2001,1,NA,NA,NA,NA,NA,NA,NA,0,0,0,0,0,1,0,0,1,0,0,0,0,1,0,0,0,0,0,NA,3,NA,0,37,NA,0,0,3,1,5,5.25,3,3.75,1,2,1.5,2
"293",172,6,5,3,5,2,"Psychology","Organizational & Personnel Psych",2,4,4,4,5,0,2,2,1,1,1,2,2,2,2,0,4,2,5,2,3,3,2,"Rutgers University New Brunswick",2002,1,NA,NA,NA,NA,NA,NA,NA,0,0,0,0,0,0,0,1,1,0,0,1,0,1,0,0,0,0,0,NA,2,NA,0,34,NA,0,0,4,1,5,5.25,4,3.5,2,2,2,2.5
"294",372,6,6,2,6,2,"Criminal Justice","CJ&205",6,6,2,6,2,1,2,2,2,4,3,3,3,1,1,0,3,2,3,2,3,2,3,"Green River College",2002,1,NA,NA,NA,NA,NA,NA,NA,0,1,0,0,0,0,0,0,0,0,0,0,0,1,0,0,0,0,0,NA,2,NA,0,23,NA,0,0,2,1,6,6,6,6,2,3,2,2.5
"295",281,7,7,1,7,1,"Marketing","Marketing Management",6,6,2,6,2,2,2,2,3,3,2,3,3,2,0,NA,3,1,3,2,3,2,1,"Temple University",2000,NA,1,NA,NA,NA,NA,NA,NA,0,0,0,0,0,0,1,0,0,0,0,0,0,1,0,0,0,0,0,NA,4,NA,0,36,"No",0,1,2,1,7,7,6,6,2,3,1.5,1.5
"296",156,5,6,2,5,2,"Economics","Intro to Macroeconomics",6,7,2,5,1,2,2,2,3,4,4,2,1,1,0,NA,4,1,2,1,5,1,1,"University of the Pacific",2002,NA,1,NA,NA,NA,NA,NA,NA,0,0,0,1,0,0,0,0,0,0,0,0,0,1,0,0,0,0,0,NA,1,NA,0,37,NA,0,1,2,1,6,5.5,6,6,2,1.5,1,1
"297",230,5,7,3,5,2,"PSYC202","Developmental Psychology",7,6,5,4,3,0,4,3,3,5,4,2,3,2,1,0,4,3,4,3,4,1,3,"Frederick Community College",2001,1,NA,NA,NA,NA,NA,NA,NA,0,0,0,0,0,0,1,0,0,0,0,0,0,1,0,0,0,0,0,NA,2,NA,0,23,NA,0,0,2,1,5,5.5,3,5,3.5,2.5,3,2
"298",236,6,6,5,5,4,"langauge","intro to french 01",4,6,1,6,1,0,1,1,2,3,2,4,4,2,1,0,3,2,3,3,3,4,4,"the new school",2003,1,NA,NA,NA,NA,NA,NA,NA,0,0,0,0,0,0,0,0,0,0,1,0,0,1,0,0,0,0,0,NA,1,NA,0,35,"no",0,0,2,1,3,5,7,5.75,1,4,2.5,4
"299",752,6,6,2,5,3,"Criminal justice","Criminal law 3304",6,6,2,6,2,2,2,3,3,4,4,3,3,1,2,2,4,3,3,3,3,4,3,"University of houston downtown",1999,1,NA,NA,NA,NA,NA,NA,NA,0,0,0,0,0,1,0,0,1,0,0,0,0,0,0,0,0,0,0,NA,4,NA,0,23,NA,0,0,2,1,6,5.75,6,6,2.5,3,3,3.5
"300",150,7,6,2,6,2,"Computer Science","Intro to Computer Networks",6,6,2,6,3,0,1,1,3,3,3,1,1,1,0,NA,3,2,4,2,4,2,2,"Oregon State University",1995,NA,1,NA,NA,NA,NA,NA,NA,0,0,0,0,0,0,1,0,0,0,0,0,0,1,0,0,0,0,0,NA,3,NA,0,34,NA,0,1,2,1,6,6.25,6,6,1,1,2,2
"301",237,4,3,6,3,4,"Computer Science","6.004 Computation Structures",3,3,5,3,4,0,1,1,2,2,1,2,2,1,0,NA,2,1,2,1,2,2,1,"Massachusetts Institute of Technology",2000,NA,1,NA,NA,NA,NA,NA,NA,0,0,0,0,0,0,0,0,1,0,0,0,0,1,0,0,0,0,0,NA,3,NA,0,35,"N/A",0,1,2,1,2,3,3,3,1,2,1,1.5
